T_LR,H_LR,T_BR1,H_BR1,T_BR3,H_BR3,T_BR2,H_BR2,T_O,H_O,datetime
24.300002,46.9,22.1,55.600004,17.6,72.8,20.2,60.600004,4.2,91.5,2026-01-29 09:30:56
24.300002,47.100004,22.1,55.5,17.6,72.8,20.2,60.600004,4.3,91.4,2026-01-29 09:35:57
24.2,47.4,22.0,55.4,17.5,73.1,20.1,60.0,4.4,90.9,2026-01-29 09:40:57
24.300002,47.5,22.0,55.5,17.4,73.6,20.0,60.3,4.4,91.0,2026-01-29 09:45:58
24.4,47.9,21.9,55.7,17.300002,73.9,20.0,60.7,4.5,90.5,2026-01-29 09:50:58
24.5,47.9,21.9,55.9,17.300002,74.200008,20.0,60.8,4.5,90.5,2026-01-29 09:55:58
24.5,47.9,21.9,56.0,17.300002,74.200008,20.0,60.8,4.5,90.2,2026-01-29 10:00:59
24.4,47.9,21.9,56.100004,17.300002,74.5,20.0,61.0,4.6,90.5,2026-01-29 10:05:59
24.300002,47.8,21.800002,56.2,17.300002,74.6,20.0,61.0,4.6,89.9,2026-01-29 10:11:00
24.4,47.5,21.800002,56.3,17.300002,74.6,19.9,61.4,4.9,90.4,2026-01-29 10:16:00
20.6,34.2,21.7,56.5,17.2,74.8,19.800002,61.2,4.9,90.1,2026-01-29 10:21:01
18.9,36.3,21.300002,50.5,16.4,72.5,17.5,55.600004,4.9,89.4,2026-01-29 10:26:01
19.4,35.3,18.7,45.7,14.7,66.4,14.5,54.100004,4.9,89.2,2026-01-29 10:31:01
20.6,38.7,19.9,46.9,15.0,74.4,17.5,55.2,4.9,88.8,2026-01-29 10:36:02
21.800002,38.5,20.300002,46.5,15.5,72.700008,18.6,51.3,4.9,89.4,2026-01-29 10:41:02
22.300002,38.5,20.5,47.600004,15.7,71.6,18.9,51.7,5.0,88.9,2026-01-29 10:46:03
22.7,41.100004,20.800002,48.9,16.300002,69.5,19.1,51.7,5.0,88.7,2026-01-29 10:51:03
23.0,42.0,20.9,49.0,16.5,68.3,19.2,51.9,5.0,88.1,2026-01-29 10:56:04
23.1,42.600004,21.0,49.5,16.6,68.1,19.300002,52.3,5.1,89.1,2026-01-29 11:01:04
21.0,34.3,21.1,50.0,16.800002,68.1,19.4,53.0,5.2,87.4,2026-01-29 11:06:04
22.2,38.9,21.1,50.2,16.7,69.0,19.300002,53.7,5.3,87.9,2026-01-29 11:11:05
22.9,41.0,21.2,50.2,16.7,68.6,19.4,53.2,5.3,87.3,2026-01-29 11:16:05
23.2,42.7,21.2,50.2,16.800002,68.3,19.5,53.3,5.3,87.2,2026-01-29 11:21:06
23.2,42.9,21.300002,50.4,16.9,68.4,19.5,53.8,5.3,87.8,2026-01-29 11:26:06
23.300002,43.8,21.4,50.7,17.0,68.5,19.5,54.5,5.5,87.8,2026-01-29 11:31:06
23.300002,42.0,21.300002,51.0,16.800002,69.0,19.4,55.100004,5.5,86.8,2026-01-29 11:36:07
23.5,43.0,21.4,51.2,16.9,69.200008,19.5,55.100004,5.5,87.6,2026-01-29 11:41:07
23.5,43.5,21.4,51.4,16.9,69.200008,19.5,55.2,5.4,88.5,2026-01-29 11:46:08
23.6,43.600004,21.4,51.5,17.0,69.200008,19.6,55.5,5.4,87.0,2026-01-29 11:51:08
23.6,43.7,21.4,51.8,17.0,69.4,19.6,55.8,5.6,87.3,2026-01-29 11:56:08
23.7,43.8,21.5,51.9,17.0,69.700008,19.6,56.100004,5.6,86.2,2026-01-29 12:01:09
23.7,43.600004,21.5,52.100004,17.0,69.700008,19.6,56.3,5.7,85.9,2026-01-29 12:06:09
23.800002,43.8,21.5,52.3,17.0,69.9,19.6,56.4,5.9,86.7,2026-01-29 12:11:10
23.800002,43.9,21.5,52.5,17.1,69.9,19.6,56.600004,5.7,86.1,2026-01-29 12:16:10
23.9,44.0,21.5,52.600004,17.1,70.200008,19.6,56.8,6.1,84.5,2026-01-29 12:21:11
23.9,44.0,21.5,52.7,17.1,70.3,19.7,57.0,6.1,84.2,2026-01-29 12:26:11
24.0,43.9,21.5,52.9,17.1,70.3,19.7,57.100004,6.5,83.0,2026-01-29 12:31:11
24.0,44.0,21.5,53.0,17.1,70.5,19.7,57.2,7.0,81.1,2026-01-29 12:36:12
24.0,44.100004,21.6,53.0,17.1,70.6,19.7,57.2,7.0,81.8,2026-01-29 12:41:12
24.1,44.2,21.6,53.100004,17.1,70.6,19.800002,57.3,6.7,80.6,2026-01-29 12:46:13
24.1,44.3,21.6,53.2,17.2,70.9,19.800002,57.3,6.8,81.1,2026-01-29 12:51:13
24.1,44.3,21.6,53.4,17.2,70.9,19.800002,57.600004,6.6,82.4,2026-01-29 12:56:13
24.1,44.4,21.6,53.4,17.2,70.9,19.800002,57.600004,6.9,81.3,2026-01-29 13:01:14
24.0,44.7,21.6,53.4,17.2,71.0,19.800002,57.5,7.1,81.1,2026-01-29 13:06:14
24.1,44.600004,21.6,53.5,17.2,71.200008,19.800002,57.7,7.0,80.8,2026-01-29 13:11:15
24.1,44.5,21.6,53.7,17.1,71.4,19.9,57.9,6.9,80.4,2026-01-29 13:16:15
24.2,44.5,21.6,53.8,17.2,71.3,19.9,57.8,6.8,81.2,2026-01-29 13:21:16
24.2,44.5,21.6,53.7,17.2,71.3,19.800002,58.0,6.8,80.9,2026-01-29 13:26:16
24.2,44.8,21.6,53.8,17.2,71.5,19.9,57.8,6.9,81.5,2026-01-29 13:31:16
24.2,44.600004,21.6,53.9,17.2,71.4,19.9,58.0,6.7,81.5,2026-01-29 13:36:17
24.2,44.600004,21.6,53.9,17.2,71.5,19.9,58.0,6.5,81.4,2026-01-29 13:41:17
24.2,44.8,21.6,54.0,17.1,71.8,19.9,58.100004,6.4,81.7,2026-01-29 13:46:18
24.1,43.8,21.6,54.0,17.1,71.8,19.9,58.0,6.5,82.8,2026-01-29 13:51:18
24.1,43.9,21.6,53.9,17.0,72.0,19.9,58.0,6.3,83.7,2026-01-29 13:56:18
24.1,44.100004,21.6,53.8,17.0,72.0,19.9,57.8,6.4,83.5,2026-01-29 14:01:19
24.2,44.100004,21.7,53.8,17.1,72.0,19.9,57.9,6.4,83.6,2026-01-29 14:06:19
24.2,44.3,21.6,53.8,17.1,72.1,19.800002,58.0,6.5,82.5,2026-01-29 14:11:20
24.2,44.3,21.7,53.8,17.1,72.0,19.9,58.100004,6.6,83.1,2026-01-29 14:16:20
24.2,44.4,21.6,53.9,17.0,72.3,19.9,58.2,6.7,81.1,2026-01-29 14:21:21
24.2,44.4,21.6,54.0,17.1,72.4,19.9,58.2,6.6,80.7,2026-01-29 14:26:21
24.2,44.5,21.6,54.0,17.1,72.3,19.9,58.2,6.9,81.5,2026-01-29 14:31:21
24.2,44.5,21.6,54.100004,17.1,72.3,19.9,58.4,6.9,81.6,2026-01-29 14:36:22
24.2,44.7,21.6,54.3,17.1,72.4,19.9,58.7,6.9,80.0,2026-01-29 14:41:22
24.2,44.8,21.6,54.4,17.1,72.5,19.9,58.7,6.9,79.5,2026-01-29 14:46:23
24.2,44.8,21.6,54.4,17.1,72.6,19.9,58.7,6.9,79.4,2026-01-29 14:51:23
24.2,45.2,21.6,54.600004,17.1,72.700008,19.9,58.9,6.9,79.3,2026-01-29 14:56:23
24.2,45.0,21.6,54.600004,17.1,72.9,19.9,59.0,6.9,79.0,2026-01-29 15:01:24
24.2,45.100004,21.6,54.9,17.1,73.0,19.9,59.2,6.8,78.9,2026-01-29 15:06:24
24.2,45.2,21.6,54.9,17.1,73.1,19.9,59.2,6.7,78.5,2026-01-29 15:11:25
24.2,45.2,21.6,55.0,17.1,73.200008,19.9,59.3,6.6,79.7,2026-01-29 15:16:25
24.2,45.7,21.6,55.0,17.1,73.0,19.9,59.3,6.6,80.6,2026-01-29 15:21:26
24.2,45.600004,21.6,55.100004,17.1,73.3,19.9,59.600004,6.5,80.7,2026-01-29 15:26:26
24.2,45.5,21.6,55.2,17.1,73.4,19.9,59.8,6.4,81.3,2026-01-29 15:31:26
24.2,45.7,21.6,55.4,17.1,73.6,19.9,59.9,6.3,81.4,2026-01-29 15:36:27
24.2,45.5,21.6,55.5,17.1,73.6,19.9,59.9,6.2,81.8,2026-01-29 15:41:27
24.2,45.8,21.6,55.5,17.1,73.5,19.9,60.0,6.2,82.7,2026-01-29 15:46:28
24.2,45.7,21.6,55.7,17.1,73.6,19.9,60.0,6.1,82.2,2026-01-29 15:51:28
24.300002,45.8,21.6,55.8,17.1,74.0,19.9,60.4,6.1,82.2,2026-01-29 15:56:28
24.300002,45.8,21.6,56.0,17.1,74.1,19.9,60.5,6.1,82.9,2026-01-29 16:01:29
24.300002,45.7,21.6,55.9,17.1,74.3,19.9,60.5,6.1,83.2,2026-01-29 16:06:29
24.2,46.100004,21.6,56.0,17.1,74.0,19.9,60.4,6.1,83.2,2026-01-29 16:11:30
19.9,35.0,20.9,49.7,16.300002,68.1,18.0,55.8,6.1,82.9,2026-01-29 16:16:30
17.300002,38.4,20.2,45.4,15.1,71.1,14.8,55.600004,6.1,83.5,2026-01-29 16:21:31
19.7,39.7,19.0,45.5,14.3,65.6,14.8,53.9,6.0,83.7,2026-01-29 16:26:31
21.800002,39.7,20.0,48.8,15.400001,71.0,17.7,54.4,6.0,83.9,2026-01-29 16:31:31
22.6,40.4,20.6,48.4,16.4,67.700008,18.9,51.5,5.9,84.4,2026-01-29 16:36:32
22.800002,40.9,20.9,48.5,16.6,67.200008,19.1,51.7,5.9,84.5,2026-01-29 16:41:32
23.0,41.4,21.0,48.9,16.7,67.200008,19.2,52.3,5.5,89.2,2026-01-29 16:46:33
23.1,41.7,21.0,49.4,16.7,67.5,19.300002,52.9,5.4,89.7,2026-01-29 16:51:33
23.2,42.0,21.1,49.8,16.800002,67.700008,19.300002,53.4,5.4,89.5,2026-01-29 16:56:33
23.300002,42.600004,21.1,50.100004,16.800002,68.0,19.4,53.8,5.5,90.8,2026-01-29 17:01:34
23.4,42.4,21.2,50.4,16.800002,68.4,19.4,54.5,5.4,90.0,2026-01-29 17:06:34
23.4,42.7,21.2,50.9,16.9,68.4,19.4,54.8,5.4,90.6,2026-01-29 17:11:35
23.5,42.8,21.300002,51.0,16.9,68.5,19.4,55.0,5.4,90.7,2026-01-29 17:16:35
23.6,43.0,21.300002,51.2,16.9,68.8,19.4,55.4,5.4,90.6,2026-01-29 17:21:36
23.6,43.100004,21.300002,51.4,16.9,69.1,19.4,55.600004,5.4,90.8,2026-01-29 17:26:36
23.7,43.100004,21.300002,51.600004,17.0,69.1,19.5,55.8,5.3,92.1,2026-01-29 17:31:36
23.7,43.3,21.300002,51.9,16.9,69.4,19.5,56.0,5.1,92.7,2026-01-29 17:36:37
23.800002,43.4,21.4,51.9,17.0,69.4,19.5,56.2,5.2,91.0,2026-01-29 17:41:37
23.800002,43.7,21.4,52.100004,17.0,69.4,19.5,56.100004,5.1,92.8,2026-01-29 17:46:38
20.5,34.600004,21.300002,52.3,16.9,69.9,19.4,56.4,5.1,92.4,2026-01-29 17:51:38
21.9,38.100004,21.2,52.2,16.800002,69.8,19.300002,55.3,5.2,91.7,2026-01-29 17:56:39
22.9,39.600004,21.300002,50.4,16.9,68.200008,19.300002,53.600004,5.0,91.9,2026-01-29 18:01:39
23.2,41.100004,21.300002,50.100004,17.0,67.700008,19.4,53.7,5.0,92.2,2026-01-29 18:06:39
23.300002,41.9,20.7,45.7,16.300002,61.7,17.800002,50.5,4.9,92.8,2026-01-29 18:11:40
23.1,37.9,18.5,48.100004,14.1,64.8,15.3,56.0,5.0,93.1,2026-01-29 18:16:40
22.800002,36.9,18.1,48.600004,13.8,66.6,14.7,57.9,4.9,93.2,2026-01-29 18:21:41
22.7,36.4,17.7,48.4,13.5,65.3,14.2,58.5,4.7,93.8,2026-01-29 18:26:41
23.0,38.100004,19.2,51.100004,14.8,70.200008,17.5,56.4,4.7,94.2,2026-01-29 18:31:42
22.5,33.8,19.9,50.5,15.900001,67.5,18.6,53.5,4.8,93.8,2026-01-29 18:36:42
19.300002,35.4,20.1,50.0,15.8,68.0,18.6,53.9,4.6,94.0,2026-01-29 18:41:42
17.9,37.9,20.1,48.4,15.6,69.0,18.6,53.600004,4.7,94.0,2026-01-29 18:46:43
17.4,39.2,20.2,47.9,15.5,69.4,18.5,52.600004,4.6,93.9,2026-01-29 18:51:43
20.5,39.5,20.4,49.0,15.900001,67.3,18.6,51.600004,4.7,93.7,2026-01-29 18:56:44
21.6,39.100004,20.5,48.5,16.300002,66.0,18.800002,51.2,4.6,93.9,2026-01-29 19:01:44
22.0,40.100004,20.6,48.100004,16.4,65.6,18.9,51.3,4.7,94.0,2026-01-29 19:06:45
22.2,40.2,20.800002,48.4,16.4,65.8,18.9,51.9,4.8,93.7,2026-01-29 19:11:45
22.300002,40.7,20.800002,48.8,16.5,66.1,19.0,52.4,4.7,93.0,2026-01-29 19:16:45
22.5,41.2,20.9,49.100004,16.5,66.3,19.0,53.0,4.6,93.7,2026-01-29 19:21:46
22.6,41.9,20.9,49.600004,16.5,66.9,19.0,53.600004,4.5,93.9,2026-01-29 19:26:46
22.7,42.600004,21.0,50.0,16.6,67.1,19.1,54.2,4.4,94.6,2026-01-29 19:31:47
22.800002,42.8,21.0,50.5,16.7,67.6,19.1,54.600004,4.6,94.8,2026-01-29 19:36:47
22.9,42.9,21.1,50.9,16.7,68.0,19.1,55.3,4.6,94.5,2026-01-29 19:41:47
23.0,44.0,21.1,51.3,16.7,68.5,19.2,55.9,4.6,94.7,2026-01-29 19:46:48
23.1,44.0,21.1,51.600004,16.7,68.9,19.300002,56.4,4.6,94.4,2026-01-29 19:51:48
23.2,43.9,21.2,51.8,16.800002,68.5,19.300002,55.8,4.5,94.6,2026-01-29 19:56:49
23.2,44.0,21.1,51.9,16.9,68.0,19.2,55.9,4.5,94.7,2026-01-29 20:01:49
23.300002,43.5,21.2,52.100004,16.7,69.3,19.300002,56.8,4.5,94.7,2026-01-29 20:06:50
23.4,43.7,21.2,52.4,16.800002,69.700008,19.4,57.0,4.4,95.3,2026-01-29 20:11:50
23.4,43.8,21.300002,52.5,16.800002,69.9,19.4,57.0,4.3,96.2,2026-01-29 20:16:51
23.5,43.9,21.300002,52.600004,16.800002,70.1,19.4,57.2,4.3,96.1,2026-01-29 20:21:51
23.5,43.8,21.300002,52.600004,16.800002,70.200008,19.4,57.0,4.2,95.9,2026-01-29 20:26:51
23.5,44.0,21.300002,52.600004,16.800002,70.3,19.4,57.100004,4.0,96.3,2026-01-29 20:31:52
23.7,43.9,21.300002,52.600004,16.800002,70.1,19.4,57.3,4.0,95.7,2026-01-29 20:36:52
23.7,43.8,21.4,52.7,16.9,70.3,19.4,57.3,4.0,95.5,2026-01-29 20:41:53
23.800002,43.8,21.4,52.7,16.9,70.3,19.4,57.4,3.6,95.3,2026-01-29 20:46:53
23.800002,43.7,21.4,52.8,16.9,70.4,19.4,57.600004,3.6,95.6,2026-01-29 20:51:53
23.9,43.7,21.4,52.9,16.9,70.4,19.4,57.7,3.6,95.9,2026-01-29 20:56:54
23.9,43.8,21.4,53.0,16.9,70.5,19.4,57.8,3.1,96.5,2026-01-29 21:01:54
23.9,43.8,21.4,53.100004,16.9,70.6,19.5,57.9,3.1,97.1,2026-01-29 21:06:55
23.9,43.9,21.4,53.100004,16.9,70.9,19.5,57.9,2.9,96.9,2026-01-29 21:11:55
23.9,44.100004,21.4,53.2,16.9,70.8,19.5,57.9,2.7,96.0,2026-01-29 21:16:56
23.9,44.100004,21.4,53.2,16.9,71.0,19.5,58.0,2.9,96.3,2026-01-29 21:21:56
23.9,44.100004,21.4,53.3,16.9,71.1,19.5,58.100004,2.8,95.5,2026-01-29 21:26:57
23.9,44.2,21.4,53.4,17.0,71.0,19.5,58.2,2.4,97.0,2026-01-29 21:31:57
23.9,44.2,21.4,53.4,16.9,71.200008,19.5,58.2,2.5,96.3,2026-01-29 21:36:57
24.0,44.2,21.4,53.5,17.0,71.200008,19.5,58.3,2.5,96.2,2026-01-29 21:41:58
24.0,44.3,21.4,53.600004,16.9,71.5,19.5,58.5,2.4,97.3,2026-01-29 21:46:58
24.0,44.2,21.4,53.600004,16.9,71.5,19.4,58.5,2.3,97.4,2026-01-29 21:51:59
24.0,44.3,21.4,53.600004,17.0,71.5,19.4,58.7,2.5,95.8,2026-01-29 21:56:59
24.0,44.3,21.4,53.7,16.9,71.6,19.4,58.8,2.1,94.2,2026-01-29 22:02:00
24.0,44.4,21.5,53.7,17.0,71.5,19.5,58.8,2.1,96.2,2026-01-29 22:07:00
24.0,44.4,21.5,53.8,17.0,71.6,19.5,58.8,2.3,96.7,2026-01-29 22:12:00
24.0,44.4,21.5,53.8,17.0,71.700008,19.5,58.9,2.4,96.1,2026-01-29 22:17:01
24.1,44.4,21.5,53.9,17.0,71.8,19.4,59.100004,2.3,94.9,2026-01-29 22:22:01
24.1,44.5,21.5,53.9,17.0,71.9,19.5,59.0,2.2,96.2,2026-01-29 22:27:02
24.1,44.5,21.5,54.0,17.0,71.8,19.5,59.0,2.5,95.6,2026-01-29 22:32:02
24.1,44.7,21.5,54.100004,17.0,71.9,19.4,59.2,2.1,96.4,2026-01-29 22:37:02
24.1,44.600004,21.5,54.100004,17.0,71.9,19.4,59.3,2.0,96.9,2026-01-29 22:42:03
24.1,44.7,21.5,54.100004,17.0,72.0,19.4,59.3,2.4,97.1,2026-01-29 22:47:03
24.1,44.600004,21.5,54.2,17.0,72.0,19.4,59.4,2.4,97.1,2026-01-29 22:52:04
24.1,44.600004,21.5,54.3,17.0,72.1,19.5,59.5,1.9,96.6,2026-01-29 22:57:04
24.2,44.7,21.5,54.3,17.1,72.0,19.5,59.600004,2.3,98.1,2026-01-29 23:02:05
24.2,44.8,21.5,54.4,17.1,72.200008,19.4,59.7,2.3,98.0,2026-01-29 23:07:05
24.1,44.8,21.5,54.4,17.1,72.1,19.5,59.5,2.3,98.3,2026-01-29 23:12:05
19.9,32.100004,21.4,53.7,17.0,72.4,19.4,59.600004,2.2,99.2,2026-01-29 23:17:06
17.6,35.7,21.2,50.0,16.6,73.200008,19.1,59.3,2.3,99.6,2026-01-29 23:22:06
20.7,39.8,21.1,46.7,16.300002,66.3,17.2,49.7,2.1,100.0,2026-01-29 23:27:07
22.2,38.0,18.800002,45.3,14.0,64.1,13.0,55.9,1.8,100.0,2026-01-29 23:32:07
22.800002,39.5,20.5,47.2,15.1,72.1,17.5,57.3,1.7,100.0,2026-01-29 23:37:07
23.0,40.4,21.1,48.3,15.900001,70.200008,18.4,55.0,1.5,100.0,2026-01-29 23:42:08
23.2,41.100004,21.300002,48.600004,16.0,69.8,18.7,54.7,1.6,100.0,2026-01-29 23:47:08
23.2,41.600004,21.5,48.9,16.1,69.9,18.7,55.3,1.6,100.0,2026-01-29 23:52:09
23.300002,42.0,21.6,49.0,16.2,70.1,18.800002,55.600004,1.6,100.0,2026-01-29 23:57:09
23.4,42.2,21.7,49.4,16.2,70.3,18.800002,56.3,1.5,100.0,2026-01-30 00:02:09
23.5,42.4,21.7,49.5,16.300002,70.4,18.800002,56.7,1.4,100.0,2026-01-30 00:07:10
23.6,42.7,21.800002,49.8,16.300002,70.700008,18.800002,56.8,1.2,100.0,2026-01-30 00:12:10
23.6,42.9,21.5,50.8,16.4,70.8,18.9,57.4,1.2,100.0,2026-01-30 00:17:11
23.7,43.100004,21.300002,51.4,16.300002,71.0,18.9,57.7,1.2,100.0,2026-01-30 00:22:11
23.7,43.2,21.2,51.8,16.300002,71.200008,18.800002,58.0,0.8,100.0,2026-01-30 00:27:12
23.800002,43.4,21.1,52.2,16.300002,71.3,18.800002,58.100004,0.8,100.0,2026-01-30 00:32:12
23.800002,43.5,21.1,52.4,16.300002,71.4,18.800002,58.600004,0.8,100.0,2026-01-30 00:37:12
23.800002,43.600004,21.0,52.600004,16.300002,71.6,18.800002,58.7,0.9,100.0,2026-01-30 00:42:13
23.800002,43.7,21.0,52.9,16.300002,71.700008,18.800002,58.9,0.7,100.0,2026-01-30 00:47:13
23.9,43.8,21.0,53.100004,16.300002,71.8,18.800002,59.100004,0.9,100.0,2026-01-30 00:52:14
23.9,43.8,20.9,53.3,16.300002,71.9,18.800002,59.2,0.3,100.0,2026-01-30 00:57:14
23.9,43.8,20.9,53.4,16.300002,72.1,18.800002,59.3,0.4,100.0,2026-01-30 01:02:14
24.0,44.0,21.0,53.600004,16.300002,72.200008,18.9,59.4,0.5,100.0,2026-01-30 01:07:15
24.0,44.0,20.9,53.7,16.300002,72.3,18.9,59.600004,0.4,100.0,2026-01-30 01:12:15
24.1,44.100004,20.9,53.9,16.300002,72.4,18.9,59.7,0.5,100.0,2026-01-30 01:17:16
24.1,44.2,20.9,54.0,16.300002,72.6,18.9,60.0,0.0,100.0,2026-01-30 01:22:16
24.1,44.2,20.9,54.100004,16.300002,72.6,18.9,60.0,0.4,100.0,2026-01-30 01:27:17
24.1,44.2,20.9,54.3,16.4,72.700008,18.9,60.0,0.4,100.0,2026-01-30 01:32:17
24.1,44.3,20.9,54.3,16.300002,72.9,18.9,60.4,0.3,100.0,2026-01-30 01:37:17
24.1,44.100004,20.9,54.5,16.4,72.8,18.9,60.2,0.0,100.0,2026-01-30 01:42:18
24.1,44.3,20.9,54.600004,16.4,73.0,18.9,60.5,0.3,100.0,2026-01-30 01:47:18
24.1,44.4,20.9,54.7,16.300002,73.0,18.9,60.600004,-0.0,100.0,2026-01-30 01:52:19
24.1,44.5,20.9,54.8,16.4,73.0,18.9,60.5,0.1,100.0,2026-01-30 01:57:19
24.1,44.5,20.9,54.9,16.4,73.200008,18.9,60.7,0.2,100.0,2026-01-30 02:02:19
24.2,44.600004,20.800002,55.0,16.4,73.200008,18.9,60.8,0.3,100.0,2026-01-30 02:07:20
24.1,44.600004,20.9,55.100004,16.4,73.4,18.800002,61.100004,0.2,100.0,2026-01-30 02:12:20
24.2,44.7,20.9,55.2,16.4,73.3,18.800002,61.100004,-0.2,100.0,2026-01-30 02:17:21
24.2,44.7,20.9,55.2,16.4,73.5,18.800002,60.9,-0.2,100.0,2026-01-30 02:22:21
24.2,44.7,20.800002,55.4,16.4,73.6,18.9,61.4,0.1,100.0,2026-01-30 02:27:22
24.2,44.9,20.800002,55.600004,16.4,73.700008,18.9,61.3,0.0,100.0,2026-01-30 02:32:22
24.2,44.9,20.800002,55.8,16.4,73.8,18.9,61.5,-0.3,100.0,2026-01-30 02:37:22
24.2,44.8,20.800002,55.8,16.300002,73.9,18.9,61.4,0.0,100.0,2026-01-30 02:42:23
24.300002,44.7,20.800002,55.8,16.4,73.9,18.9,61.600004,0.0,100.0,2026-01-30 02:47:23
24.300002,44.8,20.800002,55.9,16.4,74.0,18.9,61.7,-0.0,100.0,2026-01-30 02:52:24
24.300002,44.8,20.800002,55.9,16.4,74.1,18.9,62.0,0.0,100.0,2026-01-30 02:57:24
24.4,44.9,20.800002,56.100004,16.4,74.3,18.9,62.3,0.1,100.0,2026-01-30 03:02:24
24.4,45.0,20.800002,56.3,16.4,74.5,18.9,62.2,0.0,100.0,2026-01-30 03:07:25
23.9,41.0,20.800002,56.4,16.300002,74.700008,18.9,62.4,0.0,100.0,2026-01-30 03:12:25
24.2,44.5,20.800002,56.4,16.4,74.4,18.9,62.0,0.2,100.0,2026-01-30 03:17:26
24.300002,44.9,20.800002,56.4,16.4,74.4,18.9,62.2,0.3,100.0,2026-01-30 03:22:26
24.300002,44.9,20.800002,56.4,16.4,74.6,18.9,62.0,0.5,100.0,2026-01-30 03:27:27
24.300002,45.100004,20.800002,56.5,16.4,74.6,18.9,62.3,0.6,100.0,2026-01-30 03:32:27
24.4,45.100004,20.800002,56.5,16.4,74.700008,18.9,62.2,0.6,100.0,2026-01-30 03:37:27
24.4,45.100004,20.800002,56.5,16.4,74.9,18.9,62.4,0.6,100.0,2026-01-30 03:42:28
24.4,45.100004,20.800002,56.7,16.4,75.0,18.9,62.5,0.7,100.0,2026-01-30 03:47:28
24.4,45.3,20.800002,56.7,16.4,75.0,18.9,62.7,0.9,100.0,2026-01-30 03:52:29
24.5,45.4,20.800002,56.8,16.4,75.0,18.9,62.9,1.0,100.0,2026-01-30 03:57:29
24.4,45.4,20.800002,56.8,16.4,75.1,18.9,62.7,1.0,100.0,2026-01-30 04:02:30
24.5,45.4,20.800002,56.9,16.4,75.1,18.9,62.8,1.1,100.0,2026-01-30 04:07:30
24.5,45.5,20.800002,56.9,16.300002,75.3,18.9,62.8,1.2,100.0,2026-01-30 04:12:30
24.5,45.5,20.800002,57.0,16.4,75.4,18.9,62.8,1.3,100.0,2026-01-30 04:17:31
24.5,45.7,20.800002,57.100004,16.4,75.4,18.9,62.9,1.3,100.0,2026-01-30 04:22:31
24.5,45.600004,20.800002,57.100004,16.4,75.4,18.9,63.0,1.4,100.0,2026-01-30 04:27:32
24.5,45.5,20.800002,57.100004,16.300002,75.6,18.9,63.2,1.3,100.0,2026-01-30 04:32:32
24.5,45.7,20.800002,57.2,16.4,75.5,18.800002,63.2,1.4,100.0,2026-01-30 04:37:32
24.5,45.7,20.9,57.2,16.4,75.6,18.800002,63.2,1.5,100.0,2026-01-30 04:42:33
24.5,45.600004,20.9,57.3,16.4,75.6,18.800002,63.600004,1.5,100.0,2026-01-30 04:47:33
24.6,45.7,21.1,57.2,16.800002,74.700008,19.300002,62.4,1.5,100.0,2026-01-30 04:52:34
24.6,45.7,21.2,57.100004,16.9,74.4,19.4,62.4,1.3,100.0,2026-01-30 04:57:34
24.6,45.8,21.300002,57.100004,17.0,74.3,19.4,62.2,1.3,100.0,2026-01-30 05:02:35
24.6,45.7,21.300002,57.100004,17.0,74.3,19.4,62.2,1.4,100.0,2026-01-30 05:07:35
24.6,45.8,21.4,57.0,17.1,74.200008,19.4,62.100004,1.3,100.0,2026-01-30 05:12:35
24.6,45.8,21.4,57.0,17.0,74.200008,19.5,61.9,1.2,100.0,2026-01-30 05:17:36
24.6,45.9,21.4,57.0,17.1,74.200008,19.5,61.9,1.1,100.0,2026-01-30 05:22:36
24.6,45.8,21.4,57.0,17.1,74.200008,19.5,61.9,0.9,100.0,2026-01-30 05:27:37
24.5,45.9,21.5,56.9,17.1,74.3,19.5,61.9,1.0,100.0,2026-01-30 05:32:37
24.5,45.9,21.5,57.0,17.1,74.4,19.5,62.100004,0.9,100.0,2026-01-30 05:37:38
24.5,46.0,21.5,57.3,17.1,74.5,19.6,62.4,0.8,100.0,2026-01-30 05:42:38
24.5,46.0,21.5,57.9,17.1,74.700008,19.6,62.100004,0.8,100.0,2026-01-30 05:47:38
24.5,46.2,21.5,57.8,17.1,74.6,19.6,62.4,0.7,100.0,2026-01-30 05:52:39
24.5,46.100004,21.6,57.7,17.2,74.700008,19.6,62.5,0.7,100.0,2026-01-30 05:57:39
24.5,46.2,21.6,57.2,17.2,74.9,19.6,63.0,0.8,100.0,2026-01-30 06:02:40
24.4,46.0,21.300002,57.8,16.800002,76.3,19.4,63.7,0.9,100.0,2026-01-30 06:07:40
24.5,46.3,21.2,58.0,16.7,76.8,19.2,64.3,0.9,100.0,2026-01-30 06:12:40
24.4,46.3,21.2,58.2,16.6,76.8,19.2,64.5,1.0,100.0,2026-01-30 06:17:41
24.5,46.4,21.2,58.3,16.6,76.8,19.1,64.5,0.7,100.0,2026-01-30 06:22:41
24.5,46.4,21.2,58.3,16.5,77.1,19.1,64.700008,1.0,100.0,2026-01-30 06:27:42
24.5,46.4,21.1,58.4,16.5,77.200008,19.1,64.8,0.8,100.0,2026-01-30 06:32:42
24.5,46.4,21.1,58.4,16.6,77.1,19.1,64.0,0.8,100.0,2026-01-30 06:37:43
24.5,46.4,21.2,57.8,16.800002,76.1,19.300002,63.5,1.0,100.0,2026-01-30 06:42:43
24.5,46.5,21.300002,58.0,16.6,77.1,19.2,64.6,1.1,100.0,2026-01-30 06:47:43
24.5,46.5,21.2,58.3,16.5,77.5,19.1,64.9,0.9,100.0,2026-01-30 06:52:44
24.5,46.600004,21.2,58.4,16.5,77.6,19.1,65.0,0.9,100.0,2026-01-30 06:57:44
24.5,46.600004,21.2,58.600004,16.5,77.9,19.0,65.4,0.9,100.0,2026-01-30 07:02:45
24.5,46.600004,21.2,58.9,16.5,78.0,19.0,65.3,0.9,100.0,2026-01-30 07:07:45
24.5,46.600004,21.2,58.9,16.5,78.1,19.0,65.8,0.8,100.0,2026-01-30 07:12:46
24.5,46.600004,21.2,59.100004,16.4,78.0,19.0,66.1,0.7,100.0,2026-01-30 07:17:46
24.5,46.7,21.1,59.100004,16.4,78.1,19.0,66.4,0.6,100.0,2026-01-30 07:22:46
24.5,46.600004,21.1,59.2,16.4,78.200008,19.0,66.6,0.7,100.0,2026-01-30 07:27:47
24.5,46.600004,21.1,59.4,16.4,78.3,19.0,66.9,0.6,100.0,2026-01-30 07:32:47
24.5,46.600004,21.1,59.4,16.4,78.3,18.9,66.8,0.7,100.0,2026-01-30 07:37:48
24.5,46.7,21.1,59.600004,16.4,78.4,18.9,67.3,0.7,100.0,2026-01-30 07:42:48
24.5,46.600004,21.1,59.600004,16.4,78.4,18.9,67.200008,0.7,100.0,2026-01-30 07:47:49
24.6,46.7,21.1,59.8,16.4,78.8,19.0,66.700008,0.9,100.0,2026-01-30 07:52:49
24.5,46.7,21.1,59.8,16.4,78.9,18.9,66.4,0.9,100.0,2026-01-30 07:57:49
24.5,46.7,21.1,59.9,16.4,79.0,19.0,66.5,0.8,100.0,2026-01-30 08:02:50
24.6,46.600004,21.1,59.9,16.4,78.8,19.0,66.1,0.8,100.0,2026-01-30 08:07:50
24.6,46.7,21.1,59.9,16.4,78.9,18.9,66.9,0.8,100.0,2026-01-30 08:12:51
24.5,46.600004,21.1,59.8,16.4,79.0,18.9,67.0,0.8,100.0,2026-01-30 08:17:51
24.5,46.7,21.1,59.9,16.4,78.9,18.9,66.9,0.8,100.0,2026-01-30 08:22:52
24.5,46.7,21.1,60.0,16.4,79.0,19.0,66.5,0.8,100.0,2026-01-30 08:27:52
24.5,46.7,21.1,59.8,16.4,79.0,19.0,66.9,0.8,100.0,2026-01-30 08:32:52
24.5,46.7,21.1,59.9,16.4,79.3,19.0,66.700008,0.9,100.0,2026-01-30 08:37:53
24.5,46.7,21.1,59.9,16.4,79.3,19.0,66.9,1.0,100.0,2026-01-30 08:42:53
24.6,46.7,21.1,60.0,16.4,79.5,19.0,66.9,0.8,100.0,2026-01-30 08:47:54
24.6,46.7,21.0,60.100004,16.4,79.4,19.0,66.4,0.9,100.0,2026-01-30 08:52:54
24.6,46.7,21.1,60.100004,16.4,79.4,19.0,66.8,0.9,100.0,2026-01-30 08:57:55
24.6,46.7,21.0,60.0,16.4,79.4,18.9,66.9,1.1,100.0,2026-01-30 09:02:55
24.5,46.8,21.1,60.0,16.300002,79.6,19.0,66.4,1.0,100.0,2026-01-30 09:07:55
24.6,46.8,21.0,59.9,16.300002,79.5,18.9,66.4,0.9,100.0,2026-01-30 09:12:56
24.2,41.600004,18.800002,49.9,14.3,69.700008,14.400001,53.8,1.0,100.0,2026-01-30 09:17:56
23.9,39.100004,17.7,50.5,13.3,70.1,12.400001,59.4,1.0,100.0,2026-01-30 09:22:57
23.7,38.100004,17.2,50.100004,12.7,69.0,13.0,57.600004,0.9,100.0,2026-01-30 09:27:57
23.7,38.2,17.800002,50.8,13.2,78.6,15.1,69.8,0.9,100.0,2026-01-30 09:32:58
23.4,31.4,19.4,53.8,15.1,74.6,17.9,59.9,1.0,100.0,2026-01-30 09:37:58
18.6,32.5,19.7,54.2,15.3,74.3,18.1,59.8,1.0,100.0,2026-01-30 09:42:58
16.800002,34.3,19.800002,52.0,15.1,75.200008,18.0,58.7,1.0,100.0,2026-01-30 09:47:59
16.0,36.0,19.7,47.2,14.900001,75.700008,18.0,56.5,1.1,100.0,2026-01-30 09:52:59
16.0,37.0,19.800002,50.3,15.0,74.700008,18.0,54.9,1.0,100.0,2026-01-30 09:58:00
15.3,36.8,19.7,46.0,15.0,74.3,18.0,54.100004,1.1,100.0,2026-01-30 10:03:00
16.300002,38.600004,19.9,49.0,15.1,72.9,18.1,53.2,0.8,100.0,2026-01-30 10:08:01
19.6,38.9,20.2,49.4,15.6,69.5,18.300002,51.2,0.9,100.0,2026-01-30 10:13:01
20.7,39.5,20.300002,48.600004,15.8,68.5,18.300002,50.8,0.9,100.0,2026-01-30 10:18:01
21.2,39.100004,20.4,48.5,16.0,67.9,18.4,51.3,0.8,100.0,2026-01-30 10:23:02
21.6,40.2,20.4,49.0,16.300002,66.0,18.5,50.9,0.8,100.0,2026-01-30 10:28:02
21.800002,39.9,20.5,49.100004,16.4,65.200008,18.6,51.100004,0.9,100.0,2026-01-30 10:33:03
22.0,40.2,20.5,49.4,16.5,65.3,18.6,51.4,1.0,100.0,2026-01-30 10:38:03
22.2,41.100004,20.5,49.5,16.300002,66.5,18.6,52.7,1.0,100.0,2026-01-30 10:43:03
22.4,41.4,20.7,49.600004,16.2,67.5,18.7,53.3,1.3,100.0,2026-01-30 10:48:04
22.6,41.7,20.7,49.9,16.2,67.700008,18.7,53.7,1.3,100.0,2026-01-30 10:53:04
22.6,40.4,20.7,50.0,16.4,66.9,18.800002,53.3,1.4,100.0,2026-01-30 10:58:05
22.7,41.8,20.800002,50.2,16.5,67.0,18.7,54.100004,1.4,100.0,2026-01-30 11:03:05
22.9,42.4,20.800002,50.600004,16.300002,68.0,18.800002,54.8,1.4,100.0,2026-01-30 11:08:05
23.0,42.600004,20.9,50.9,16.300002,68.5,18.800002,55.100004,1.7,100.0,2026-01-30 11:13:06
23.1,42.600004,20.9,51.100004,16.4,68.8,18.9,55.5,1.7,99.7,2026-01-30 11:18:06
23.2,42.7,20.9,51.4,16.300002,69.200008,18.9,55.8,1.8,100.0,2026-01-30 11:23:07
23.300002,43.0,21.0,51.600004,16.4,69.3,18.9,56.0,1.9,99.4,2026-01-30 11:28:07
23.4,43.3,21.0,51.8,16.4,69.700008,19.0,56.3,1.7,99.6,2026-01-30 11:33:08
23.4,43.5,21.0,51.9,16.4,69.9,19.0,56.4,1.8,99.2,2026-01-30 11:38:08
23.5,43.600004,21.0,52.2,16.4,70.1,19.0,56.8,1.8,99.5,2026-01-30 11:43:08
23.7,43.3,21.1,52.3,16.4,70.4,19.1,57.2,1.9,100.0,2026-01-30 11:48:09
23.800002,43.600004,21.1,52.5,16.4,70.6,19.1,57.4,1.8,100.0,2026-01-30 11:53:09
23.800002,43.7,21.1,52.7,16.4,70.9,19.1,57.4,1.9,100.0,2026-01-30 11:58:10
23.9,43.600004,21.1,52.8,16.4,70.9,19.1,57.5,1.8,100.0,2026-01-30 12:03:10
23.9,43.600004,21.1,52.9,16.4,71.0,19.1,57.7,1.9,100.0,2026-01-30 12:08:10
24.0,43.7,21.2,53.0,16.5,71.200008,19.2,57.7,2.0,100.0,2026-01-30 12:13:11
24.1,43.600004,21.2,53.0,16.4,71.4,19.2,57.9,2.0,100.0,2026-01-30 12:18:11
24.1,43.7,21.2,53.100004,16.5,71.4,19.2,57.9,2.0,100.0,2026-01-30 12:23:12
24.1,43.7,21.2,53.2,16.5,71.4,19.2,58.100004,2.0,100.0,2026-01-30 12:28:12
24.1,43.600004,21.2,53.3,16.5,71.6,19.2,58.100004,1.9,100.0,2026-01-30 12:33:13
24.2,43.600004,21.2,53.4,16.5,71.700008,19.2,58.3,1.9,100.0,2026-01-30 12:38:13
24.2,43.7,21.2,53.5,16.5,71.700008,19.300002,58.2,1.8,100.0,2026-01-30 12:43:13
24.2,43.7,21.2,53.5,,,19.300002,58.4,1.7,100.0,2026-01-30 12:48:14
24.2,43.7,21.4,54.600004,,,19.2,59.8,1.8,100.0,2026-01-30 12:53:14
24.2,44.2,21.7,51.4,,,19.5,56.7,1.9,100.0,2026-01-30 12:58:15
24.2,44.100004,21.9,49.2,,,19.5,54.9,2.0,100.0,2026-01-30 13:03:15
24.300002,43.8,22.1,48.100004,,,19.5,53.9,2.1,99.9,2026-01-30 13:08:15
24.2,43.7,22.1,47.7,,,19.4,53.7,1.9,100.0,2026-01-30 13:13:16
24.300002,43.4,22.2,47.2,,,19.5,53.0,1.9,100.0,2026-01-30 13:18:16
24.300002,43.3,22.300002,46.9,,,19.800002,52.2,1.8,100.0,2026-01-30 13:23:17
24.4,43.3,22.300002,46.600004,,,19.7,52.100004,1.8,100.0,2026-01-30 13:28:17
24.4,43.4,22.300002,46.4,,,19.6,52.4,1.7,100.0,2026-01-30 13:33:18
24.4,43.2,22.300002,46.2,,,20.0,51.3,1.9,100.0,2026-01-30 13:38:18
24.4,43.2,22.4,45.8,,,19.7,51.5,1.9,100.0,2026-01-30 13:43:18
24.300002,37.8,22.2,45.2,,,19.6,50.7,1.9,100.0,2026-01-30 13:48:19
22.9,38.0,22.2,45.3,,,19.7,50.0,2.0,100.0,2026-01-30 13:53:19
23.9,40.5,21.9,48.100004,,,19.6,52.7,2.1,100.0,2026-01-30 13:58:20
24.1,41.2,21.800002,48.7,,,19.5,53.4,2.2,100.0,2026-01-30 14:03:20
24.2,40.9,21.7,49.2,,,19.5,53.9,2.2,100.0,2026-01-30 14:08:20
24.2,41.3,21.6,49.7,,,19.5,54.3,2.2,100.0,2026-01-30 14:13:21
24.2,41.5,21.6,50.0,,,19.5,54.7,2.3,100.0,2026-01-30 14:18:21
24.300002,41.8,21.6,50.3,,,19.5,55.0,2.2,100.0,2026-01-30 14:23:22
24.300002,42.0,21.6,50.5,,,19.5,55.3,2.2,100.0,2026-01-30 14:28:22
24.4,42.0,21.6,50.7,,,19.4,55.600004,2.5,100.0,2026-01-30 14:33:23
24.4,42.0,21.6,51.0,,,19.5,55.8,2.5,100.0,2026-01-30 14:38:23
24.4,42.100004,21.6,51.0,,,19.5,55.9,2.5,100.0,2026-01-30 14:43:23
24.4,42.2,21.6,51.2,,,19.5,56.0,2.4,100.0,2026-01-30 14:48:24
24.4,42.3,21.6,51.3,,,19.5,56.2,2.4,100.0,2026-01-30 14:53:24
24.4,42.3,21.6,51.4,,,19.5,56.3,2.5,100.0,2026-01-30 14:58:25
24.5,42.3,21.6,51.5,,,19.5,56.4,2.5,100.0,2026-01-30 15:03:25
24.4,42.4,21.6,51.5,,,19.5,56.5,2.4,100.0,2026-01-30 15:08:26
24.4,42.4,21.6,51.7,,,19.5,56.5,2.5,100.0,2026-01-30 15:13:26
24.4,42.600004,21.5,51.8,,,19.5,56.600004,2.5,100.0,2026-01-30 15:18:26
24.4,42.5,21.5,51.9,,,19.5,56.600004,2.6,100.0,2026-01-30 15:23:27
24.4,42.600004,21.5,52.0,,,19.5,56.8,2.7,100.0,2026-01-30 15:28:27
24.4,42.600004,21.5,52.0,,,19.5,56.9,2.8,100.0,2026-01-30 15:33:28
24.5,42.600004,21.5,52.100004,,,19.4,56.8,2.8,100.0,2026-01-30 15:38:28
24.5,42.600004,21.5,52.2,,,19.4,57.0,2.8,100.0,2026-01-30 15:43:28
24.4,42.7,21.5,52.3,,,19.4,57.0,2.9,100.0,2026-01-30 15:48:29
24.4,42.8,21.5,52.3,,,19.4,57.0,2.9,100.0,2026-01-30 15:53:29
24.5,42.7,21.5,52.4,,,19.4,57.100004,2.9,100.0,2026-01-30 15:58:30
24.4,42.8,21.5,52.4,,,19.4,57.100004,2.8,100.0,2026-01-30 16:03:30
24.4,42.9,21.5,52.5,,,19.4,57.3,2.9,100.0,2026-01-30 16:08:31
24.4,43.100004,21.5,52.5,,,19.4,57.3,2.9,100.0,2026-01-30 16:13:31
24.4,43.100004,21.5,52.600004,,,19.4,57.100004,3.0,100.0,2026-01-30 16:18:31
24.5,43.100004,21.5,52.600004,,,19.4,57.4,3.1,100.0,2026-01-30 16:23:32
24.4,43.100004,21.4,52.600004,,,19.4,57.4,3.1,100.0,2026-01-30 16:28:32
24.4,43.100004,21.4,52.7,,,19.4,57.5,3.1,100.0,2026-01-30 16:33:33
24.4,43.100004,21.5,52.8,,,19.4,57.600004,3.2,100.0,2026-01-30 16:38:33
24.4,43.100004,21.5,52.7,,,19.4,57.600004,3.2,100.0,2026-01-30 16:43:34
24.4,43.2,21.4,52.8,,,19.4,57.600004,3.2,100.0,2026-01-30 16:48:34
24.4,43.2,21.5,52.8,,,19.4,57.5,3.2,100.0,2026-01-30 16:53:34
24.4,43.3,21.4,52.9,,,19.4,57.7,3.2,100.0,2026-01-30 16:58:35
24.4,43.3,21.4,52.9,,,19.4,57.8,3.2,100.0,2026-01-30 17:03:35
24.4,43.3,21.4,52.9,,,19.4,57.9,3.2,100.0,2026-01-30 17:08:36
24.4,43.4,21.5,53.0,,,19.4,57.7,3.2,100.0,2026-01-30 17:13:36
24.4,43.4,21.5,53.0,,,19.4,57.8,3.1,100.0,2026-01-30 17:18:37
24.4,43.3,21.5,53.0,,,19.4,57.9,3.1,100.0,2026-01-30 17:23:37
24.4,43.4,21.4,53.100004,,,19.4,58.0,3.1,100.0,2026-01-30 17:28:37
24.4,43.5,21.4,53.100004,,,19.4,58.0,3.1,100.0,2026-01-30 17:33:38
24.4,43.5,21.4,53.100004,,,19.4,58.100004,3.1,100.0,2026-01-30 17:38:38
24.300002,43.5,21.4,53.2,,,19.300002,58.100004,3.1,100.0,2026-01-30 17:43:39
24.4,43.4,21.4,53.2,,,19.4,58.100004,3.1,100.0,2026-01-30 17:48:39
24.300002,43.5,21.4,53.2,,,19.4,58.100004,3.2,100.0,2026-01-30 17:53:40
24.4,43.5,21.4,53.2,,,19.300002,58.2,3.1,100.0,2026-01-30 17:58:40
24.4,43.600004,21.4,53.2,,,19.4,58.2,3.2,100.0,2026-01-30 18:03:40
24.4,43.600004,21.4,53.3,,,19.300002,58.3,3.1,100.0,2026-01-30 18:08:41
24.4,43.7,21.4,53.2,,,19.300002,58.3,3.1,100.0,2026-01-30 18:13:41
24.4,43.7,21.4,53.3,,,19.300002,58.4,3.0,100.0,2026-01-30 18:18:42
24.300002,43.7,21.4,53.3,,,19.4,58.2,3.1,100.0,2026-01-30 18:23:42
24.4,43.7,21.4,53.3,,,19.300002,58.4,3.0,100.0,2026-01-30 18:28:42
24.4,43.7,21.4,53.3,,,19.300002,58.5,3.0,100.0,2026-01-30 18:33:43
24.4,43.7,21.4,53.4,,,19.300002,58.5,3.1,100.0,2026-01-30 18:38:43
24.4,43.7,21.4,53.4,,,19.300002,58.5,2.9,100.0,2026-01-30 18:43:44
24.4,43.8,21.4,53.5,,,19.300002,58.600004,2.6,100.0,2026-01-30 18:48:44
24.4,43.7,21.4,53.5,,,19.300002,58.7,2.6,100.0,2026-01-30 18:53:45
24.4,43.7,21.4,53.5,,,19.300002,58.7,2.6,100.0,2026-01-30 18:58:45
24.4,43.7,21.4,53.4,,,19.300002,58.7,2.7,100.0,2026-01-30 19:03:45
24.4,43.8,21.4,53.5,,,19.300002,58.7,2.8,100.0,2026-01-30 19:08:46
24.4,43.8,21.4,53.5,,,19.4,58.600004,2.7,100.0,2026-01-30 19:13:46
24.4,43.8,21.4,53.5,,,19.4,58.7,2.5,100.0,2026-01-30 19:18:47
24.4,43.7,21.4,53.5,,,19.4,58.600004,2.5,100.0,2026-01-30 19:23:47
24.4,43.8,21.4,53.600004,,,19.4,58.7,2.6,100.0,2026-01-30 19:28:48
24.4,43.9,21.5,53.600004,,,19.4,58.600004,2.8,100.0,2026-01-30 19:33:48
24.4,43.8,21.4,53.600004,,,19.300002,58.5,2.8,100.0,2026-01-30 19:38:48
24.4,43.8,21.4,53.600004,,,19.4,58.7,2.8,100.0,2026-01-30 19:43:49
24.4,43.8,21.4,53.7,,,19.4,58.7,2.7,100.0,2026-01-30 19:48:49
24.4,43.8,21.4,53.7,,,19.4,58.8,2.7,100.0,2026-01-30 19:53:50
24.4,43.8,21.4,53.7,,,19.4,58.7,2.8,100.0,2026-01-30 19:58:50
24.4,44.0,21.4,53.8,,,19.300002,58.8,2.7,100.0,2026-01-30 20:03:51
24.4,44.0,21.4,53.7,,,19.300002,58.8,2.7,100.0,2026-01-30 20:08:51
24.4,44.0,21.4,53.7,,,19.300002,59.0,2.8,100.0,2026-01-30 20:13:51
24.4,43.9,21.4,53.7,,,19.300002,59.0,2.5,100.0,2026-01-30 20:18:52
24.4,44.0,21.4,53.8,,,19.300002,59.0,2.4,100.0,2026-01-30 20:23:52
24.4,44.0,21.4,53.8,,,19.4,58.9,2.5,100.0,2026-01-30 20:28:53
24.4,44.0,21.4,53.8,,,19.300002,59.0,2.5,100.0,2026-01-30 20:33:53
24.4,44.100004,21.4,53.8,,,19.300002,59.100004,2.5,100.0,2026-01-30 20:38:54
24.4,44.100004,21.4,53.8,,,19.300002,58.9,2.5,100.0,2026-01-30 20:43:54
24.4,44.100004,21.4,53.8,,,19.300002,59.100004,2.5,100.0,2026-01-30 20:48:54
24.4,44.100004,21.4,53.8,,,19.300002,58.9,2.6,100.0,2026-01-30 20:53:55
24.4,44.100004,21.4,53.8,,,19.4,58.8,2.6,100.0,2026-01-30 20:58:55
24.300002,44.100004,21.4,53.8,,,19.4,58.9,2.7,100.0,2026-01-30 21:03:56
24.4,44.100004,21.4,53.8,,,19.300002,59.100004,2.6,100.0,2026-01-30 21:08:56
24.4,44.2,21.4,53.9,,,19.300002,59.100004,2.7,100.0,2026-01-30 21:13:57
24.4,44.100004,21.4,53.9,,,19.4,59.0,2.7,100.0,2026-01-30 21:18:57
24.300002,44.4,21.4,53.9,,,19.4,59.0,2.7,100.0,2026-01-30 21:23:57
24.4,44.2,21.4,54.0,,,19.300002,59.2,2.6,100.0,2026-01-30 21:28:58
24.4,44.2,21.4,53.9,,,19.300002,59.2,2.8,100.0,2026-01-30 21:33:58
24.4,44.3,21.4,53.9,,,19.4,59.100004,2.8,100.0,2026-01-30 21:38:59
24.4,44.2,21.4,54.0,,,19.4,59.2,2.7,100.0,2026-01-30 21:43:59
24.4,44.2,21.4,54.0,,,19.300002,59.4,2.7,100.0,2026-01-30 21:48:59
24.4,44.3,21.4,54.0,,,19.300002,59.2,2.7,100.0,2026-01-30 21:54:00
24.4,44.2,21.4,54.0,,,19.300002,59.2,2.7,100.0,2026-01-30 21:59:00
24.4,44.2,21.4,54.0,,,19.300002,59.100004,2.7,100.0,2026-01-30 22:04:01
24.4,44.2,21.4,54.0,,,19.4,59.3,2.6,100.0,2026-01-30 22:09:01
24.4,44.3,21.4,54.0,,,19.300002,59.3,2.6,100.0,2026-01-30 22:14:02
24.4,44.2,21.4,54.100004,,,19.300002,59.3,2.6,100.0,2026-01-30 22:19:02
24.4,44.2,21.4,54.100004,,,19.300002,59.3,2.6,100.0,2026-01-30 22:24:02
24.4,44.2,21.4,54.100004,,,19.4,59.3,2.5,100.0,2026-01-30 22:29:03
24.4,44.3,21.4,54.0,,,19.300002,59.3,2.4,100.0,2026-01-30 22:34:03
24.4,44.3,21.4,54.100004,,,19.300002,59.3,2.4,100.0,2026-01-30 22:39:04
24.4,44.4,21.4,54.100004,,,19.4,59.4,2.4,100.0,2026-01-30 22:44:04
24.4,44.4,21.5,54.100004,,,19.300002,59.4,2.4,100.0,2026-01-30 22:49:04
24.4,44.4,21.5,54.100004,,,19.300002,59.4,2.1,100.0,2026-01-30 22:54:05
24.4,44.4,21.5,54.100004,,,19.300002,59.5,2.1,100.0,2026-01-30 22:59:05
24.4,44.4,21.5,54.100004,,,19.300002,59.4,2.1,100.0,2026-01-30 23:04:06
24.4,44.4,21.4,54.100004,,,19.300002,59.5,2.2,100.0,2026-01-30 23:09:06
24.300002,44.5,21.4,54.2,,,19.300002,59.600004,2.0,100.0,2026-01-30 23:14:06
24.300002,44.5,21.5,54.2,,,19.300002,59.5,1.8,100.0,2026-01-30 23:19:07
24.300002,44.600004,21.5,54.100004,,,19.300002,59.600004,1.7,100.0,2026-01-30 23:24:07
24.4,44.5,21.4,54.2,,,19.300002,59.5,1.8,100.0,2026-01-30 23:29:08
24.4,44.5,21.4,54.100004,,,19.300002,59.7,1.7,100.0,2026-01-30 23:34:08
24.4,44.5,21.4,54.2,,,19.300002,59.600004,1.8,100.0,2026-01-30 23:39:09
24.300002,44.5,21.4,54.2,,,19.300002,59.7,1.6,100.0,2026-01-30 23:44:09
24.4,44.5,21.4,54.3,,,19.300002,59.7,1.5,100.0,2026-01-30 23:49:09
24.4,44.5,21.4,54.3,,,19.300002,59.7,1.4,100.0,2026-01-30 23:54:10
24.4,44.5,21.4,54.3,,,19.300002,59.9,1.5,100.0,2026-01-30 23:59:10
24.4,44.5,21.4,54.3,,,19.300002,59.8,1.5,100.0,2026-01-31 00:04:11
24.4,44.5,21.4,54.3,,,19.2,59.8,1.5,100.0,2026-01-31 00:09:11
24.4,44.5,21.4,54.4,,,19.300002,59.8,1.3,100.0,2026-01-31 00:14:11
24.4,44.5,21.4,54.4,,,19.2,59.9,1.2,100.0,2026-01-31 00:19:12
24.4,44.5,21.4,54.4,,,19.2,60.0,1.2,100.0,2026-01-31 00:24:12
24.5,44.3,21.4,54.5,,,19.2,60.0,1.2,100.0,2026-01-31 00:29:13
24.5,44.4,21.4,54.5,,,19.2,60.2,1.0,100.0,2026-01-31 00:34:13
24.5,44.4,21.4,54.5,,,19.300002,59.9,1.0,100.0,2026-01-31 00:39:14
24.4,44.5,21.4,54.5,,,19.2,60.2,1.1,100.0,2026-01-31 00:44:14
24.5,44.4,21.4,54.5,,,19.2,60.2,1.0,100.0,2026-01-31 00:49:14
24.4,44.4,21.4,54.5,,,19.2,60.2,0.9,100.0,2026-01-31 00:54:15
24.5,44.5,21.4,54.5,,,19.2,60.2,1.1,100.0,2026-01-31 00:59:15
24.5,44.5,21.4,54.5,,,19.2,60.2,1.0,100.0,2026-01-31 01:04:16
24.4,44.5,21.4,54.5,,,19.2,60.2,1.0,100.0,2026-01-31 01:09:16
24.4,44.5,21.4,54.5,,,19.2,60.3,0.7,100.0,2026-01-31 01:14:16
24.5,44.600004,21.4,54.5,,,19.2,60.2,0.9,100.0,2026-01-31 01:19:17
24.5,44.600004,21.4,54.5,,,19.2,60.2,0.8,100.0,2026-01-31 01:24:17
24.5,44.5,21.4,54.5,,,19.2,60.3,0.9,100.0,2026-01-31 01:29:18
24.5,44.5,21.4,54.5,,,19.2,60.2,0.9,100.0,2026-01-31 01:34:18
24.5,44.5,21.4,54.5,,,19.2,60.3,0.9,100.0,2026-01-31 01:39:19
24.5,44.5,21.4,54.600004,,,19.2,60.4,0.7,100.0,2026-01-31 01:44:19
24.5,44.600004,21.4,54.600004,,,19.2,60.3,0.8,100.0,2026-01-31 01:49:19
24.4,44.5,21.4,54.600004,,,19.2,60.4,0.8,100.0,2026-01-31 01:54:20
24.5,44.600004,21.4,54.600004,,,19.2,60.4,0.8,100.0,2026-01-31 01:59:20
24.5,44.4,21.4,54.600004,,,19.1,60.5,0.7,100.0,2026-01-31 02:04:21
24.5,44.5,21.4,54.7,,,19.1,60.5,0.7,100.0,2026-01-31 02:09:21
24.5,44.5,21.4,54.600004,,,19.2,60.5,0.6,100.0,2026-01-31 02:14:21
24.5,44.600004,21.4,54.7,,,19.2,60.5,0.6,100.0,2026-01-31 02:19:22
24.5,44.600004,21.4,54.7,,,19.2,60.5,0.5,100.0,2026-01-31 02:24:22
24.5,44.5,21.4,54.7,,,19.1,60.600004,0.3,100.0,2026-01-31 02:29:23
24.5,44.5,21.4,54.7,,,19.1,60.600004,0.2,100.0,2026-01-31 02:34:23
24.5,44.600004,21.4,54.7,,,19.2,60.600004,0.3,100.0,2026-01-31 02:39:24
24.5,44.5,21.4,54.7,,,19.2,60.5,0.3,100.0,2026-01-31 02:44:24
24.5,44.5,21.4,54.7,,,19.2,60.600004,0.4,100.0,2026-01-31 02:49:24
24.5,44.5,21.4,54.8,,,19.1,60.7,0.4,100.0,2026-01-31 02:54:25
24.6,44.5,21.4,54.8,,,19.2,60.600004,0.4,100.0,2026-01-31 02:59:25
24.5,44.5,21.4,54.7,,,19.1,60.8,0.5,100.0,2026-01-31 03:04:26
24.5,44.600004,21.4,54.8,,,19.2,60.7,0.5,100.0,2026-01-31 03:09:26
24.5,44.600004,21.4,54.8,,,19.2,60.7,0.3,100.0,2026-01-31 03:14:27
24.5,44.5,21.4,54.7,,,19.1,60.9,0.5,100.0,2026-01-31 03:19:27
24.5,44.5,21.4,54.8,,,19.2,60.7,0.4,100.0,2026-01-31 03:24:27
24.5,44.600004,21.4,54.8,,,19.2,60.7,0.4,100.0,2026-01-31 03:29:28
24.5,44.5,21.4,54.8,,,19.2,60.8,0.5,100.0,2026-01-31 03:34:28
24.5,44.7,21.4,54.8,,,19.2,60.7,0.5,100.0,2026-01-31 03:39:29
24.5,44.600004,21.4,54.8,,,19.2,60.8,0.5,100.0,2026-01-31 03:44:29
24.5,44.5,21.4,54.7,,,19.2,60.600004,0.4,100.0,2026-01-31 03:49:29
24.5,44.600004,21.4,54.8,,,19.2,60.600004,0.2,100.0,2026-01-31 03:54:30
24.5,44.600004,21.4,54.8,,,19.2,60.8,-0.0,100.0,2026-01-31 03:59:30
24.5,44.5,21.4,54.8,,,19.2,60.7,-0.0,100.0,2026-01-31 04:04:31
24.5,44.600004,21.4,54.8,,,19.1,60.9,0.0,100.0,2026-01-31 04:09:31
24.5,44.600004,21.4,54.9,,,19.2,60.8,0.1,100.0,2026-01-31 04:14:32
24.6,44.600004,21.4,54.8,,,19.1,60.8,0.0,100.0,2026-01-31 04:19:32
24.5,44.5,21.4,54.9,,,19.2,60.600004,0.1,100.0,2026-01-31 04:24:32
24.6,44.5,21.4,54.9,,,19.2,60.8,-0.0,100.0,2026-01-31 04:29:33
24.6,44.5,21.4,54.9,,,19.2,60.9,0.2,100.0,2026-01-31 04:34:33
24.6,44.5,21.4,54.9,,,19.2,60.9,0.1,100.0,2026-01-31 04:39:34
24.6,44.600004,21.4,54.9,,,19.1,61.100004,0.0,100.0,2026-01-31 04:44:34
24.6,44.5,21.4,54.9,,,19.1,60.9,0.1,100.0,2026-01-31 04:49:35
24.6,44.4,21.4,54.9,,,19.2,60.9,0.1,100.0,2026-01-31 04:54:35
24.6,44.600004,21.4,54.9,,,19.1,61.100004,0.1,100.0,2026-01-31 04:59:35
24.6,44.600004,21.4,55.0,,,19.1,61.0,-0.2,100.0,2026-01-31 05:04:36
24.6,44.600004,21.4,55.0,,,19.1,61.0,-0.1,100.0,2026-01-31 05:09:36
24.6,44.600004,21.4,54.9,,,19.2,61.0,0.0,100.0,2026-01-31 05:14:37
24.6,44.5,21.4,55.0,,,19.2,60.9,0.2,100.0,2026-01-31 05:19:37
24.6,44.600004,21.4,55.0,,,19.2,61.0,0.3,100.0,2026-01-31 05:24:38
24.6,44.5,21.4,55.0,,,19.1,61.100004,0.3,100.0,2026-01-31 05:29:38
24.6,44.5,21.4,55.100004,,,19.1,61.100004,0.4,100.0,2026-01-31 05:34:38
24.6,44.7,21.4,55.100004,,,19.2,61.0,0.5,100.0,2026-01-31 05:39:39
24.6,44.600004,21.4,55.100004,,,19.2,61.100004,0.5,100.0,2026-01-31 05:44:39
24.6,44.600004,21.4,55.100004,,,19.2,61.100004,0.6,100.0,2026-01-31 05:49:40
24.6,44.7,21.4,55.100004,,,19.2,61.100004,0.6,100.0,2026-01-31 05:54:40
24.6,44.600004,21.4,55.100004,,,19.2,61.0,0.7,100.0,2026-01-31 05:59:41
24.6,44.7,21.4,55.0,,,19.2,61.0,0.7,100.0,2026-01-31 06:04:41
24.6,44.7,21.4,55.100004,,,19.2,61.0,0.7,100.0,2026-01-31 06:09:41
24.6,44.7,21.4,55.100004,,,19.2,61.100004,0.9,100.0,2026-01-31 06:14:42
24.6,44.7,21.5,55.100004,,,19.2,61.0,0.9,100.0,2026-01-31 06:19:42
24.6,44.7,21.4,55.100004,,,19.2,61.0,1.1,100.0,2026-01-31 06:24:43
24.6,44.7,21.5,55.0,,,19.1,61.100004,0.9,100.0,2026-01-31 06:29:43
24.6,44.600004,21.4,55.0,,,19.2,61.0,0.7,100.0,2026-01-31 06:34:44
24.6,44.600004,21.4,55.100004,,,19.2,61.0,0.9,100.0,2026-01-31 06:39:44
24.6,44.600004,21.4,55.100004,,,19.2,61.100004,0.9,100.0,2026-01-31 06:44:44
24.6,44.600004,21.4,55.100004,,,19.2,61.0,0.9,100.0,2026-01-31 06:49:45
24.6,44.600004,21.4,55.0,,,19.2,61.100004,1.0,100.0,2026-01-31 06:54:45
24.6,44.600004,21.5,55.100004,,,19.2,61.100004,1.1,100.0,2026-01-31 06:59:46
24.7,44.600004,21.5,55.100004,,,19.2,61.2,1.1,100.0,2026-01-31 07:04:46
24.6,44.600004,21.4,55.100004,,,19.2,61.100004,1.1,100.0,2026-01-31 07:09:47
24.6,44.600004,21.4,55.100004,,,19.2,61.0,1.2,100.0,2026-01-31 07:14:47
24.6,44.5,21.4,55.2,,,19.2,61.100004,1.2,100.0,2026-01-31 07:19:47
24.6,44.7,21.4,55.2,,,19.2,61.2,1.3,100.0,2026-01-31 07:24:48
24.6,44.600004,21.5,55.2,,,19.2,61.0,1.5,100.0,2026-01-31 07:29:48
24.6,44.600004,21.4,55.2,,,19.2,61.100004,1.5,100.0,2026-01-31 07:34:49
24.6,44.600004,21.4,55.2,,,19.2,61.0,1.5,100.0,2026-01-31 07:39:49
24.6,44.600004,21.5,55.2,,,19.2,61.100004,1.5,100.0,2026-01-31 07:44:50
24.6,44.7,21.5,55.100004,,,19.2,61.100004,1.4,100.0,2026-01-31 07:49:50
24.6,44.600004,21.5,55.2,,,19.2,61.100004,1.4,100.0,2026-01-31 07:54:50
24.6,44.600004,21.5,55.100004,,,19.300002,61.100004,1.2,100.0,2026-01-31 07:59:51
24.6,44.7,21.5,55.2,,,19.2,61.100004,1.2,100.0,2026-01-31 08:04:51
24.6,44.7,21.5,55.2,,,19.2,61.0,1.3,100.0,2026-01-31 08:09:52
24.6,44.7,21.5,55.2,,,19.2,61.0,1.3,100.0,2026-01-31 08:14:52
24.6,44.7,21.5,55.2,,,19.2,61.100004,1.3,100.0,2026-01-31 08:19:53
24.6,44.7,21.5,55.2,,,19.2,61.100004,1.3,100.0,2026-01-31 08:24:53
24.6,44.7,21.5,55.2,,,19.2,61.0,1.2,100.0,2026-01-31 08:29:54
24.6,44.8,21.5,55.2,,,19.300002,61.0,1.0,100.0,2026-01-31 08:34:54
24.6,44.7,21.5,55.2,,,19.2,61.0,1.1,100.0,2026-01-31 08:39:54
24.6,44.8,21.5,55.2,,,19.300002,61.0,1.1,100.0,2026-01-31 08:44:55
24.6,44.7,21.5,55.2,,,19.300002,61.0,1.0,100.0,2026-01-31 08:49:55
24.6,44.8,21.5,55.2,,,19.300002,61.100004,1.1,100.0,2026-01-31 08:54:56
24.6,44.9,21.5,55.2,,,19.300002,60.9,1.2,100.0,2026-01-31 08:59:56
24.6,44.8,21.5,55.2,,,19.300002,61.0,1.3,100.0,2026-01-31 09:04:56
24.6,44.9,21.5,55.100004,,,19.2,61.100004,1.3,100.0,2026-01-31 09:09:57
24.6,44.8,21.5,55.2,,,19.300002,61.0,1.3,100.0,2026-01-31 09:14:57
24.6,44.9,21.5,55.2,,,19.300002,61.0,1.3,100.0,2026-01-31 09:19:58
24.6,44.9,21.5,55.2,,,19.300002,61.0,1.6,100.0,2026-01-31 09:24:58
24.6,44.9,21.5,55.100004,,,19.300002,61.100004,1.8,100.0,2026-01-31 09:29:58
24.6,44.9,21.5,55.2,,,19.300002,60.8,1.8,100.0,2026-01-31 09:34:59
24.6,44.8,21.5,55.2,,,19.300002,60.9,1.9,100.0,2026-01-31 09:39:59
24.6,44.9,21.5,55.2,,,19.300002,61.0,2.0,100.0,2026-01-31 09:45:00
24.6,45.0,21.5,55.2,,,19.300002,61.0,1.9,100.0,2026-01-31 09:50:00
24.6,45.0,21.5,55.2,,,19.4,60.9,2.0,100.0,2026-01-31 09:55:01
24.6,44.9,21.5,55.2,,,19.4,60.9,1.9,100.0,2026-01-31 10:00:01
24.6,44.9,21.5,55.2,,,19.300002,61.0,2.1,100.0,2026-01-31 10:05:01
24.6,44.9,21.5,55.2,,,19.4,61.0,2.2,100.0,2026-01-31 10:10:02
24.6,45.0,21.5,55.3,,,19.4,60.9,2.1,100.0,2026-01-31 10:15:02
24.6,45.0,21.5,55.2,,,19.300002,61.100004,2.3,100.0,2026-01-31 10:20:03
24.6,44.9,21.5,55.3,,,19.300002,61.100004,2.4,100.0,2026-01-31 10:25:03
24.6,45.0,21.5,55.3,,,19.4,61.0,2.5,100.0,2026-01-31 10:30:03
24.6,45.0,21.5,55.4,,,19.300002,61.100004,2.5,100.0,2026-01-31 10:35:04
24.6,45.0,21.5,55.3,,,19.4,60.9,2.6,100.0,2026-01-31 10:40:04
24.6,45.100004,21.5,55.4,,,19.4,61.0,2.7,100.0,2026-01-31 10:45:05
24.6,45.0,21.5,55.4,,,19.4,61.0,2.8,100.0,2026-01-31 10:50:05
24.6,45.0,21.5,55.4,,,19.4,60.9,2.8,100.0,2026-01-31 10:55:05
24.6,45.0,21.5,55.4,,,19.4,61.100004,2.7,100.0,2026-01-31 11:00:06
24.6,45.100004,21.5,55.4,,,19.4,60.9,2.9,100.0,2026-01-31 11:05:06
24.6,45.100004,21.5,55.4,,,19.4,60.9,2.9,100.0,2026-01-31 11:10:07
24.6,45.0,21.5,55.3,,,19.4,60.8,3.0,100.0,2026-01-31 11:15:07
24.6,45.0,21.5,55.4,,,19.4,60.8,3.1,100.0,2026-01-31 11:20:08
24.6,45.0,21.5,55.4,,,19.5,60.8,3.2,100.0,2026-01-31 11:25:08
24.6,45.0,21.5,55.4,,,19.4,60.9,3.3,100.0,2026-01-31 11:30:08
24.6,45.0,21.5,55.4,,,19.5,60.8,3.3,100.0,2026-01-31 11:35:09
24.6,45.2,21.5,55.4,,,19.5,60.9,3.3,100.0,2026-01-31 11:40:09
24.5,45.100004,21.5,55.4,,,19.5,60.9,3.4,100.0,2026-01-31 11:45:10
24.6,45.2,21.6,55.4,,,19.4,61.0,3.5,100.0,2026-01-31 11:50:10
24.6,45.100004,21.5,55.4,,,19.5,60.9,3.4,99.7,2026-01-31 11:55:10
24.6,45.2,21.6,55.4,,,19.5,60.9,3.5,99.6,2026-01-31 12:00:11
24.6,45.100004,21.6,55.4,,,19.5,60.8,3.6,99.9,2026-01-31 12:05:11
24.5,45.100004,21.5,55.4,,,19.5,60.8,3.6,99.4,2026-01-31 12:10:12
24.5,45.2,21.6,55.4,,,19.5,60.9,3.6,98.8,2026-01-31 12:15:12
24.5,45.100004,21.5,55.4,,,19.5,60.8,3.7,98.7,2026-01-31 12:20:13
24.6,45.2,21.5,55.4,,,19.5,60.8,3.7,97.9,2026-01-31 12:25:13
24.6,45.3,21.5,55.4,,,19.5,60.7,3.6,98.2,2026-01-31 12:30:13
24.6,45.2,21.5,55.4,,,19.5,60.9,3.6,96.2,2026-01-31 12:35:14
24.5,45.2,21.5,55.4,,,19.4,60.9,3.6,96.1,2026-01-31 12:40:14
24.5,45.2,21.5,55.5,,,19.5,60.8,3.6,94.7,2026-01-31 12:45:15
24.5,45.2,21.5,55.5,,,19.5,60.7,3.7,95.9,2026-01-31 12:50:15
24.6,45.2,21.5,55.5,,,19.5,60.7,3.7,94.8,2026-01-31 12:55:15
24.5,45.3,21.5,55.4,,,19.5,60.7,3.8,95.7,2026-01-31 13:00:16
24.5,45.3,21.5,55.4,,,19.5,60.8,3.9,94.8,2026-01-31 13:05:16
24.5,45.2,21.5,55.5,,,19.5,60.5,3.9,94.5,2026-01-31 13:10:17
24.5,45.3,21.5,55.4,,,19.5,60.3,3.8,93.8,2026-01-31 13:15:17
24.5,45.2,21.6,55.3,,,19.5,60.3,3.9,95.6,2026-01-31 13:20:18
24.5,45.2,21.6,55.3,,,19.5,60.0,4.0,93.9,2026-01-31 13:25:18
24.5,45.3,21.5,55.4,,,19.5,60.600004,3.9,95.2,2026-01-31 13:30:18
24.5,45.2,21.5,55.4,,,19.5,60.3,3.8,94.5,2026-01-31 13:35:19
24.5,45.2,21.5,55.4,,,19.5,60.2,3.7,95.9,2026-01-31 13:40:19
24.5,45.4,21.5,55.4,,,19.5,60.3,3.8,94.8,2026-01-31 13:45:20
24.5,45.3,21.5,55.4,,,19.5,60.7,3.7,96.4,2026-01-31 13:50:20
24.5,45.2,21.5,55.3,,,19.5,60.5,3.7,95.8,2026-01-31 13:55:20
24.4,45.3,21.5,55.4,,,19.5,60.5,3.6,94.3,2026-01-31 14:00:21
24.5,45.3,21.5,55.4,,,19.5,60.600004,3.7,94.2,2026-01-31 14:05:21
24.5,45.4,21.5,55.4,,,19.5,60.600004,3.7,95.3,2026-01-31 14:10:22
24.5,45.4,21.5,55.4,,,19.5,60.7,3.7,95.1,2026-01-31 14:15:22
24.4,45.5,21.5,55.4,,,19.5,60.600004,3.6,95.4,2026-01-31 14:20:23
24.5,45.5,21.5,55.4,,,19.5,60.600004,3.6,95.6,2026-01-31 14:25:23
24.5,45.4,21.5,55.4,,,19.5,60.600004,3.6,95.2,2026-01-31 14:30:23
24.5,45.4,21.5,55.4,,,19.5,60.5,3.8,94.5,2026-01-31 14:35:24
24.4,45.5,21.5,55.4,,,19.5,60.5,3.6,94.3,2026-01-31 14:40:24
24.5,45.4,21.5,55.4,,,19.6,60.4,3.7,94.6,2026-01-31 14:45:25
24.4,45.4,21.5,55.4,,,19.6,60.5,3.8,95.4,2026-01-31 14:50:25
24.4,45.5,21.5,55.4,,,19.5,60.600004,3.8,94.7,2026-01-31 14:55:26
24.4,45.5,21.5,55.4,,,19.5,60.5,3.6,95.1,2026-01-31 15:00:26
24.4,45.600004,21.5,55.4,,,19.5,60.600004,3.7,95.5,2026-01-31 15:05:26
24.4,45.5,21.5,55.4,,,19.5,60.600004,3.8,95.3,2026-01-31 15:10:27
24.4,45.4,21.5,55.4,,,19.5,60.5,3.9,95.3,2026-01-31 15:15:27
24.4,45.7,21.5,55.4,,,19.5,60.5,3.7,94.8,2026-01-31 15:20:28
24.4,45.600004,21.5,55.4,,,19.5,60.600004,3.8,94.1,2026-01-31 15:25:28
24.4,45.7,21.5,55.4,,,19.5,60.5,3.8,94.3,2026-01-31 15:30:28
24.4,45.600004,21.5,55.5,,,19.5,60.4,3.8,94.1,2026-01-31 15:35:29
24.4,45.600004,21.5,55.4,,,19.5,60.600004,3.9,94.3,2026-01-31 15:40:29
24.4,45.600004,21.5,55.4,,,19.5,60.600004,4.0,94.0,2026-01-31 15:45:30
24.4,45.600004,21.5,55.5,,,19.5,60.600004,4.1,93.8,2026-01-31 15:50:30
24.4,45.600004,21.5,55.5,,,19.5,60.7,4.0,93.5,2026-01-31 15:55:31
24.4,45.7,21.5,55.5,,,19.5,60.5,4.1,92.7,2026-01-31 16:00:31
24.4,45.7,21.5,55.4,,,19.5,60.600004,4.0,92.1,2026-01-31 16:05:31
24.4,45.600004,21.5,55.5,,,19.5,60.7,4.0,92.7,2026-01-31 16:10:32
24.4,45.7,21.5,55.5,,,19.5,60.7,4.0,92.9,2026-01-31 16:15:32
24.4,45.600004,21.5,55.5,,,19.5,60.600004,4.1,93.1,2026-01-31 16:20:33
24.4,45.600004,21.5,55.5,,,19.5,60.600004,4.1,93.0,2026-01-31 16:25:33
24.4,45.7,21.5,55.5,,,19.5,60.8,3.9,95.9,2026-01-31 16:30:34
24.4,45.7,21.5,55.5,,,19.5,60.7,3.8,95.6,2026-01-31 16:35:34
24.4,45.600004,21.5,55.5,,,19.5,60.7,3.9,95.0,2026-01-31 16:40:34
24.4,45.7,21.5,55.5,,,19.6,60.5,3.9,94.8,2026-01-31 16:45:35
24.4,45.7,21.5,55.5,,,19.5,60.7,3.9,94.8,2026-01-31 16:50:35
24.4,45.7,21.5,55.5,,,19.5,60.7,3.8,94.1,2026-01-31 16:55:36
24.4,45.600004,21.5,55.5,,,19.5,60.8,3.8,94.1,2026-01-31 17:00:36
24.4,45.7,21.5,55.5,,,19.5,60.8,3.7,94.9,2026-01-31 17:05:37
24.4,45.7,21.5,55.5,,,19.5,60.8,3.7,95.3,2026-01-31 17:10:37
24.300002,45.7,21.5,55.5,,,19.5,60.7,3.7,96.0,2026-01-31 17:15:37
24.300002,45.600004,21.5,55.5,,,19.4,60.8,3.7,96.2,2026-01-31 17:20:38
24.4,45.7,21.5,55.5,,,19.5,60.7,3.7,96.4,2026-01-31 17:25:38
24.4,45.7,21.5,55.600004,,,19.5,60.600004,3.7,95.2,2026-01-31 17:30:39
24.4,45.7,21.5,55.5,,,19.5,60.7,3.7,95.1,2026-01-31 17:35:39
24.4,45.7,21.5,55.5,,,19.5,60.8,3.6,94.6,2026-01-31 17:40:40
24.300002,45.7,21.5,55.5,,,19.4,60.8,3.6,95.3,2026-01-31 17:45:40
24.300002,45.7,21.5,55.5,,,19.4,60.9,3.6,94.8,2026-01-31 17:50:40
24.300002,45.7,21.5,55.600004,,,19.4,60.8,3.6,95.3,2026-01-31 17:55:41
24.300002,45.8,21.5,55.5,,,19.4,60.8,3.5,95.0,2026-01-31 18:00:41
24.300002,45.8,21.5,55.5,,,19.5,60.8,3.6,95.1,2026-01-31 18:05:42
24.300002,45.8,21.5,55.5,,,19.4,60.8,3.5,95.0,2026-01-31 18:10:42
24.300002,45.9,21.5,55.5,,,19.4,60.7,3.5,95.7,2026-01-31 18:15:43
24.300002,45.9,21.5,55.5,,,19.5,60.8,3.5,95.5,2026-01-31 18:20:43
24.300002,45.9,21.5,55.600004,,,19.4,60.9,3.5,96.1,2026-01-31 18:25:43
24.300002,45.9,21.5,55.5,,,19.4,61.0,3.5,96.7,2026-01-31 18:30:44
24.300002,45.9,21.5,55.600004,,,19.5,60.8,3.4,96.0,2026-01-31 18:35:44
24.300002,45.9,21.5,55.5,,,19.5,60.8,3.5,95.7,2026-01-31 18:40:45
24.300002,45.9,21.5,55.5,,,19.4,60.7,3.4,96.3,2026-01-31 18:45:45
24.300002,45.7,21.5,55.5,,,19.4,60.5,3.4,97.2,2026-01-31 18:50:46
24.4,45.8,21.5,55.5,,,19.4,60.5,3.3,96.1,2026-01-31 18:55:46
24.4,45.7,21.5,55.5,,,19.300002,60.7,3.4,95.4,2026-01-31 19:00:46
24.300002,45.600004,21.5,55.5,,,19.4,60.9,3.3,94.9,2026-01-31 19:05:47
24.300002,45.7,21.5,55.5,,,19.4,60.8,3.2,95.8,2026-01-31 19:10:47
24.300002,45.600004,21.5,55.5,,,19.5,60.8,3.2,95.4,2026-01-31 19:15:48
24.4,45.600004,21.5,55.5,,,19.4,60.8,3.2,95.6,2026-01-31 19:20:48
24.4,45.600004,21.5,55.5,,,19.5,60.7,3.2,94.8,2026-01-31 19:25:49
24.4,45.7,21.5,55.5,,,19.4,60.9,3.0,94.8,2026-01-31 19:30:49
24.4,45.7,21.5,55.5,,,19.4,60.9,3.0,95.5,2026-01-31 19:35:49
24.300002,45.7,21.5,55.5,,,19.4,60.9,2.9,95.3,2026-01-31 19:40:50
24.4,45.7,21.5,55.5,,,19.5,60.8,3.0,94.7,2026-01-31 19:45:50
24.4,45.8,21.5,55.5,,,19.4,60.9,3.0,95.5,2026-01-31 19:50:51
24.300002,45.8,21.5,55.5,,,19.4,60.9,3.0,95.2,2026-01-31 19:55:51
24.300002,45.8,21.5,55.5,,,19.4,60.9,3.0,94.5,2026-01-31 20:00:52
24.300002,45.7,21.5,55.5,,,19.4,60.9,2.9,95.3,2026-01-31 20:05:52
24.300002,45.8,21.5,55.5,,,19.4,61.0,3.0,95.3,2026-01-31 20:10:52
24.300002,45.8,21.5,55.5,,,19.4,60.9,3.0,95.9,2026-01-31 20:15:53
24.300002,45.9,21.5,55.5,,,19.4,60.9,2.9,96.1,2026-01-31 20:20:53
24.300002,45.9,21.5,55.5,,,19.4,61.0,2.9,95.4,2026-01-31 20:25:54
24.300002,45.8,21.5,55.5,,,19.4,60.9,2.9,95.3,2026-01-31 20:30:54
24.300002,45.8,21.5,55.5,,,19.4,60.9,2.8,95.4,2026-01-31 20:35:54
24.300002,45.8,21.5,55.5,,,19.4,61.0,2.8,95.8,2026-01-31 20:40:55
24.4,45.8,21.5,55.5,,,19.5,60.8,2.9,95.5,2026-01-31 20:45:55
24.300002,45.9,21.5,55.5,,,19.4,60.9,2.9,95.6,2026-01-31 20:50:56
24.300002,45.9,21.5,55.5,,,19.4,60.7,2.8,96.2,2026-01-31 20:55:56
24.300002,45.9,21.5,55.5,,,19.5,60.8,2.9,95.7,2026-01-31 21:00:57
24.300002,45.8,21.5,55.5,,,19.4,60.8,3.0,95.4,2026-01-31 21:05:57
24.4,45.8,21.5,55.5,,,19.5,60.9,3.0,95.2,2026-01-31 21:10:57
24.4,45.8,21.5,55.5,,,19.5,60.8,2.9,95.0,2026-01-31 21:15:58
24.4,45.9,21.5,55.5,,,19.4,60.9,2.9,94.2,2026-01-31 21:20:58
24.4,45.9,21.5,55.5,,,19.4,61.0,2.9,94.5,2026-01-31 21:25:59
24.4,45.8,21.5,55.600004,,,19.5,60.9,2.9,93.7,2026-01-31 21:30:59
24.4,45.8,21.5,55.600004,,,19.4,60.9,2.9,93.3,2026-01-31 21:35:59
24.4,45.8,21.5,55.5,,,19.5,60.8,2.9,93.5,2026-01-31 21:41:00
24.4,45.7,21.5,55.7,,,19.4,61.0,2.8,94.2,2026-01-31 21:46:00
24.4,45.8,21.5,55.600004,,,19.4,61.100004,2.7,94.6,2026-01-31 21:51:01
24.4,45.9,21.5,55.600004,,,19.5,61.0,2.6,95.4,2026-01-31 21:56:01
24.4,45.8,21.5,55.600004,,,19.4,61.100004,2.4,96.5,2026-01-31 22:01:02
24.4,45.9,21.5,55.600004,,,19.4,61.100004,2.5,95.4,2026-01-31 22:06:02
24.4,45.8,21.5,55.600004,,,19.4,61.100004,2.5,95.0,2026-01-31 22:11:02
24.4,45.8,21.5,55.600004,,,19.4,61.0,2.6,94.2,2026-01-31 22:16:03
24.4,45.9,21.5,55.7,,,19.4,61.100004,2.7,93.7,2026-01-31 22:21:03
24.4,45.8,21.5,55.7,,,19.4,61.100004,2.7,93.5,2026-01-31 22:26:04
24.4,45.8,21.5,55.7,,,19.4,61.0,2.8,93.2,2026-01-31 22:31:04
24.4,45.8,21.5,55.7,,,19.4,61.0,2.7,93.3,2026-01-31 22:36:04
24.300002,45.9,21.5,55.600004,,,19.5,61.0,2.8,93.3,2026-01-31 22:41:05
24.4,45.9,21.5,55.600004,,,19.4,61.100004,2.8,93.1,2026-01-31 22:46:05
24.300002,45.8,21.5,55.600004,,,19.4,61.100004,2.7,93.6,2026-01-31 22:51:06
24.300002,46.0,21.5,55.600004,,,19.5,61.0,2.8,93.3,2026-01-31 22:56:06
24.300002,46.0,21.5,55.7,,,19.4,61.100004,2.9,93.3,2026-01-31 23:01:07
24.300002,46.0,21.5,55.600004,,,19.4,61.0,2.8,93.1,2026-01-31 23:06:07
24.4,45.9,21.5,55.5,,,19.5,61.0,2.8,92.8,2026-01-31 23:11:07
24.300002,46.100004,21.5,55.600004,,,19.4,60.9,2.8,92.9,2026-01-31 23:16:08
24.4,46.0,21.5,55.7,,,19.4,61.100004,2.9,93.5,2026-01-31 23:21:08
24.300002,45.9,21.5,55.600004,,,19.4,61.2,2.9,93.0,2026-01-31 23:26:09
24.4,45.9,21.5,55.600004,,,19.4,61.100004,2.9,93.1,2026-01-31 23:31:09
24.4,45.9,21.5,55.7,,,19.4,61.100004,2.9,93.3,2026-01-31 23:36:09
24.4,45.9,21.5,55.7,,,19.4,61.0,2.8,93.8,2026-01-31 23:41:10
24.4,45.9,21.5,55.7,,,19.4,61.100004,2.9,93.6,2026-01-31 23:46:10
24.4,45.9,21.5,55.7,,,19.4,61.2,2.7,94.1,2026-01-31 23:51:11
24.4,45.8,21.5,55.8,,,19.4,61.3,2.7,94.2,2026-01-31 23:56:11
24.4,45.8,21.5,55.7,,,19.4,61.0,2.7,94.3,2026-02-01 00:01:12
24.4,45.9,21.5,55.8,,,19.4,61.100004,2.7,94.2,2026-02-01 00:06:12
24.4,45.9,21.5,55.8,,,19.4,61.3,2.7,94.7,2026-02-01 00:11:12
24.4,45.9,21.5,55.8,,,19.4,61.100004,2.7,94.3,2026-02-01 00:16:13
24.4,45.8,21.5,55.8,,,19.4,61.2,2.6,94.8,2026-02-01 00:21:13
24.4,45.8,21.5,55.8,,,19.4,61.4,2.7,93.7,2026-02-01 00:26:14
24.4,45.8,21.5,55.8,,,19.4,61.3,2.7,94.1,2026-02-01 00:31:14
24.5,45.7,21.5,55.8,,,19.4,61.2,2.6,94.4,2026-02-01 00:36:14
24.4,45.8,21.5,55.8,,,19.4,61.3,2.6,94.0,2026-02-01 00:41:15
24.4,45.600004,21.5,55.8,,,19.4,61.2,2.5,94.1,2026-02-01 00:46:15
24.4,45.8,21.5,55.8,,,19.4,61.2,2.5,94.1,2026-02-01 00:51:16
24.5,45.7,21.5,55.8,,,19.4,61.3,2.6,94.3,2026-02-01 00:56:16
24.4,45.8,21.5,55.8,,,19.4,61.4,2.5,94.2,2026-02-01 01:01:17
24.4,45.8,21.5,55.8,,,19.300002,61.4,2.5,94.7,2026-02-01 01:06:17
24.4,45.8,21.5,55.8,,,19.4,61.4,2.5,94.4,2026-02-01 01:11:17
24.4,45.8,21.5,55.8,,,19.4,61.3,2.4,94.4,2026-02-01 01:16:18
24.4,45.9,21.5,55.9,,,19.4,61.2,2.5,94.5,2026-02-01 01:21:18
24.4,45.8,21.5,55.8,,,19.4,61.4,2.4,94.6,2026-02-01 01:26:19
24.4,45.9,21.5,55.8,,,19.4,61.3,2.4,94.4,2026-02-01 01:31:19
24.4,45.8,21.5,55.8,,,19.4,61.3,2.4,94.2,2026-02-01 01:36:20
24.4,45.8,21.5,55.8,,,19.4,61.3,2.4,94.2,2026-02-01 01:41:20
24.4,45.9,21.5,55.8,,,19.4,61.4,2.5,93.9,2026-02-01 01:46:20
24.4,45.8,21.5,55.8,,,19.4,61.3,2.4,94.1,2026-02-01 01:51:21
24.4,45.7,21.5,55.9,,,19.300002,61.4,2.4,94.2,2026-02-01 01:56:21
24.4,45.8,21.5,55.9,,,19.4,61.4,2.4,94.8,2026-02-01 02:01:22
24.4,45.8,21.5,55.9,,,19.300002,61.5,2.3,94.6,2026-02-01 02:06:22
24.4,45.8,21.5,55.9,,,19.300002,61.600004,2.3,94.7,2026-02-01 02:11:22
24.4,45.9,21.4,55.9,,,19.300002,61.5,2.3,94.9,2026-02-01 02:16:23
24.4,45.9,21.4,55.9,,,19.300002,61.5,2.3,94.7,2026-02-01 02:21:23
24.4,45.9,21.4,55.9,,,19.4,61.5,2.3,95.4,2026-02-01 02:26:24
24.4,45.9,21.4,55.9,,,19.300002,61.7,2.3,95.1,2026-02-01 02:31:24
24.4,45.9,21.4,55.9,,,19.300002,61.7,2.2,95.5,2026-02-01 02:36:25
24.4,45.8,21.4,55.9,,,19.300002,61.600004,2.2,95.8,2026-02-01 02:41:25
24.4,45.9,21.4,55.9,,,19.300002,61.7,2.2,96.2,2026-02-01 02:46:25
24.4,45.9,21.4,55.9,,,19.4,61.4,2.2,95.5,2026-02-01 02:51:26
24.4,45.9,21.4,55.9,,,19.300002,61.600004,2.2,95.2,2026-02-01 02:56:26
24.4,45.9,21.4,55.9,,,19.300002,61.600004,2.2,94.7,2026-02-01 03:01:27
24.4,45.8,21.5,55.9,,,19.4,61.600004,2.2,94.4,2026-02-01 03:06:27
24.4,45.8,21.4,55.9,,,19.300002,61.5,2.1,94.7,2026-02-01 03:11:28
24.4,45.8,21.4,56.0,,,19.300002,61.5,2.1,94.4,2026-02-01 03:16:28
24.4,45.8,21.4,56.0,,,19.300002,61.600004,2.0,94.7,2026-02-01 03:21:28
24.5,45.8,21.4,56.0,,,19.300002,61.7,2.0,94.1,2026-02-01 03:26:29
24.5,45.8,21.4,56.0,,,19.300002,61.600004,2.0,94.9,2026-02-01 03:31:29
24.4,45.8,21.4,56.0,,,19.300002,61.7,2.0,94.8,2026-02-01 03:36:30
24.4,45.8,21.5,56.0,,,19.300002,61.7,2.0,94.9,2026-02-01 03:41:30
24.4,45.8,21.5,55.9,,,19.300002,61.7,1.9,94.8,2026-02-01 03:46:30
24.4,45.8,21.4,55.9,,,19.300002,61.600004,1.9,95.2,2026-02-01 03:51:31
24.5,45.9,21.4,55.9,,,19.300002,61.600004,2.0,95.4,2026-02-01 03:56:31
24.4,45.8,21.5,55.9,,,19.300002,61.7,1.9,95.0,2026-02-01 04:01:32
24.4,45.9,21.5,55.9,,,19.300002,61.5,1.9,94.9,2026-02-01 04:06:32
24.4,45.7,21.4,56.0,,,19.300002,61.5,2.0,95.2,2026-02-01 04:11:33
24.4,45.9,21.4,55.9,,,19.300002,61.600004,2.1,94.7,2026-02-01 04:16:33
24.4,45.8,21.5,55.9,,,19.300002,61.5,2.1,94.8,2026-02-01 04:21:33
24.4,45.8,21.4,56.0,,,19.300002,61.600004,2.0,94.8,2026-02-01 04:26:34
24.4,45.8,21.4,56.0,,,19.300002,61.8,2.1,95.4,2026-02-01 04:31:34
24.4,45.8,21.4,56.0,,,19.300002,61.8,2.1,94.5,2026-02-01 04:36:35
24.4,45.9,21.4,56.0,,,19.300002,61.7,2.1,94.6,2026-02-01 04:41:35
24.4,45.8,21.4,56.0,,,19.300002,61.8,2.1,94.5,2026-02-01 04:46:36
24.4,45.8,21.4,56.0,,,19.300002,61.7,2.1,94.7,2026-02-01 04:51:36
24.4,45.8,21.4,56.0,,,19.300002,61.8,2.0,95.2,2026-02-01 04:56:36
24.4,45.8,21.4,56.0,,,19.300002,61.600004,2.0,95.2,2026-02-01 05:01:37
24.4,45.9,21.4,56.0,,,19.300002,61.7,2.0,95.6,2026-02-01 05:06:37
24.4,45.9,21.4,56.0,,,19.300002,61.7,2.1,96.3,2026-02-01 05:11:38
24.4,45.9,21.4,56.0,,,19.300002,61.8,2.2,95.8,2026-02-01 05:16:38
24.4,46.0,21.4,56.0,,,19.300002,61.7,2.2,95.6,2026-02-01 05:21:39
24.4,45.9,21.4,56.0,,,19.300002,61.7,2.2,95.2,2026-02-01 05:26:39
24.4,45.8,21.4,56.0,,,19.300002,61.600004,2.3,95.0,2026-02-01 05:31:39
24.4,45.8,21.4,56.0,,,19.300002,61.7,2.2,95.1,2026-02-01 05:36:40
24.4,45.9,21.4,56.0,,,19.300002,61.8,1.9,95.9,2026-02-01 05:41:40
24.4,45.9,21.4,56.0,,,19.300002,61.7,1.9,96.2,2026-02-01 05:46:41
24.5,45.9,21.4,56.0,,,19.300002,61.7,2.1,96.1,2026-02-01 05:51:41
24.4,45.8,21.4,56.100004,,,19.300002,61.7,1.9,96.0,2026-02-01 05:56:42
24.5,45.8,21.4,56.100004,,,19.300002,61.7,1.9,96.3,2026-02-01 06:01:42
24.4,45.9,21.4,56.100004,,,19.300002,61.8,1.8,96.0,2026-02-01 06:06:42
24.4,45.9,21.5,56.100004,,,19.300002,61.9,1.7,96.1,2026-02-01 06:11:43
24.5,45.8,21.4,56.100004,,,19.300002,61.9,1.7,95.9,2026-02-01 06:16:43
24.5,45.8,21.4,56.0,,,19.300002,61.7,1.7,96.3,2026-02-01 06:21:44
24.5,45.8,21.4,56.0,,,19.2,61.9,1.7,96.4,2026-02-01 06:26:44
24.4,45.9,21.4,56.100004,,,19.300002,61.7,1.7,96.0,2026-02-01 06:31:44
24.4,45.9,21.4,56.100004,,,19.300002,61.7,1.7,96.1,2026-02-01 06:36:45
24.5,45.8,21.4,56.0,,,19.300002,61.8,1.7,96.1,2026-02-01 06:41:45
24.4,45.9,21.4,56.100004,,,19.300002,61.8,1.6,95.5,2026-02-01 06:46:46
24.5,45.8,21.4,56.0,,,19.300002,61.8,1.6,95.5,2026-02-01 06:51:46
24.4,45.9,21.5,56.100004,,,19.2,62.0,1.5,95.7,2026-02-01 06:56:47
24.5,46.0,21.4,56.100004,,,19.300002,61.9,1.6,95.9,2026-02-01 07:01:47
24.5,45.9,21.4,56.100004,,,19.300002,61.8,1.6,96.1,2026-02-01 07:06:48
24.5,45.9,21.4,56.100004,,,19.300002,61.8,1.6,96.0,2026-02-01 07:11:48
24.5,45.8,21.4,56.100004,,,19.300002,61.8,1.6,96.1,2026-02-01 07:16:48
24.5,45.8,21.5,56.0,,,19.300002,61.9,1.6,95.8,2026-02-01 07:21:49
24.5,45.9,21.5,56.0,,,19.300002,61.9,1.7,95.8,2026-02-01 07:26:49
24.4,46.0,21.5,56.0,,,19.300002,61.8,1.7,96.0,2026-02-01 07:31:50
24.4,46.0,21.5,56.100004,,,19.300002,61.9,1.7,95.9,2026-02-01 07:36:50
24.4,45.9,21.4,56.0,,,19.300002,61.7,1.7,95.5,2026-02-01 07:41:50
24.4,46.0,21.5,56.0,,,19.300002,61.7,1.7,95.8,2026-02-01 07:46:51
24.4,45.9,21.5,56.0,,,19.300002,61.8,1.7,95.9,2026-02-01 07:51:51
24.4,45.9,21.4,56.0,,,19.2,61.9,1.8,95.6,2026-02-01 07:56:52
24.4,45.9,21.4,56.100004,,,19.2,61.9,1.8,95.5,2026-02-01 08:01:52
24.4,45.9,21.4,56.0,,,19.300002,61.9,1.7,95.8,2026-02-01 08:06:53
24.4,45.9,21.4,56.100004,,,19.300002,61.8,1.8,95.5,2026-02-01 08:11:53
24.5,45.8,21.4,56.100004,,,19.2,61.8,1.7,95.5,2026-02-01 08:16:53
24.4,46.0,21.5,56.0,,,19.300002,61.9,1.6,95.5,2026-02-01 08:21:54
24.5,45.8,21.4,56.100004,,,19.300002,61.9,1.7,95.2,2026-02-01 08:26:54
24.5,45.9,21.5,56.100004,,,19.300002,62.0,1.7,95.5,2026-02-01 08:31:55
24.5,45.9,21.5,56.100004,,,19.300002,61.9,1.7,95.0,2026-02-01 08:36:55
24.5,45.8,21.5,56.100004,,,19.300002,61.8,1.7,95.0,2026-02-01 08:41:55
24.5,45.8,21.5,56.0,,,19.300002,61.8,1.8,94.6,2026-02-01 08:46:56
24.5,45.9,21.5,56.100004,,,19.300002,61.9,1.9,94.5,2026-02-01 08:51:56
24.5,45.8,21.5,56.100004,,,19.300002,62.0,1.9,94.2,2026-02-01 08:56:57
24.5,45.8,21.5,56.0,,,19.300002,61.600004,1.9,93.9,2026-02-01 09:01:57
24.5,45.8,21.5,56.0,,,19.300002,61.9,1.9,94.6,2026-02-01 09:06:58
24.5,45.8,21.5,56.0,,,19.300002,62.0,2.0,94.1,2026-02-01 09:11:58
24.5,45.9,21.5,56.100004,,,19.300002,61.9,1.9,94.4,2026-02-01 09:16:58
24.5,45.9,21.5,56.0,,,19.300002,61.9,2.0,93.9,2026-02-01 09:21:59
24.5,45.9,21.5,56.100004,,,19.300002,61.7,2.1,93.8,2026-02-01 09:26:59
24.5,45.9,21.5,56.100004,,,19.300002,61.9,2.1,93.7,2026-02-01 09:32:00
24.5,45.9,21.5,56.0,,,19.300002,61.8,2.1,94.1,2026-02-01 09:37:00
24.5,46.0,21.5,56.0,,,19.300002,61.8,2.1,93.8,2026-02-01 09:42:00
24.4,46.0,21.5,56.0,,,19.300002,61.8,2.1,93.8,2026-02-01 09:47:01
24.5,46.0,21.5,56.0,,,19.300002,61.9,2.1,93.8,2026-02-01 09:52:01
24.5,45.9,21.5,56.100004,,,19.300002,62.0,2.2,93.3,2026-02-01 09:57:02
24.5,46.0,21.5,56.100004,,,19.300002,61.9,2.3,93.2,2026-02-01 10:02:02
24.5,46.0,21.5,56.100004,,,19.300002,61.9,2.3,93.5,2026-02-01 10:07:02
24.5,46.100004,21.5,56.100004,,,19.4,61.8,2.4,93.5,2026-02-01 10:12:03
24.4,46.100004,21.5,56.100004,,,19.4,61.7,2.4,92.9,2026-02-01 10:17:03
24.4,46.2,21.5,56.100004,,,19.4,61.8,2.5,92.0,2026-02-01 10:22:04
24.5,46.0,21.5,56.100004,,,19.4,61.7,2.5,91.9,2026-02-01 10:27:04
24.5,46.100004,21.5,56.100004,,,19.4,61.7,2.8,91.4,2026-02-01 10:32:05
24.4,46.100004,21.5,56.100004,,,19.4,61.7,3.1,90.6,2026-02-01 10:37:05
24.4,46.2,21.5,56.2,,,19.4,61.7,3.2,89.7,2026-02-01 10:42:05
24.4,46.100004,21.5,56.100004,,,19.4,61.8,3.3,89.2,2026-02-01 10:47:06
24.5,46.2,21.5,56.100004,,,19.5,61.7,3.4,89.2,2026-02-01 10:52:06
24.4,46.3,21.5,56.100004,,,19.5,61.7,3.4,88.6,2026-02-01 10:57:07
24.4,46.3,21.5,56.2,,,19.5,61.5,3.4,89.5,2026-02-01 11:02:07
24.5,46.3,21.6,56.100004,,,19.5,61.7,3.5,88.5,2026-02-01 11:07:07
24.5,46.2,21.6,56.2,,,19.6,61.4,3.6,88.4,2026-02-01 11:12:08
24.5,46.2,21.6,56.2,,,19.6,61.5,3.8,87.7,2026-02-01 11:17:08
24.4,46.3,21.6,56.2,,,19.5,61.600004,4.1,86.3,2026-02-01 11:22:09
24.4,46.2,21.6,56.2,,,19.6,61.600004,3.8,86.4,2026-02-01 11:27:09
24.4,46.3,21.6,56.2,,,19.6,61.5,4.1,86.9,2026-02-01 11:32:10
24.4,46.2,21.6,56.2,,,19.6,61.5,4.6,83.2,2026-02-01 11:37:10
24.4,46.2,21.6,56.2,,,19.6,61.5,4.4,85.3,2026-02-01 11:42:10
24.5,46.100004,21.6,56.2,,,19.6,61.4,4.9,82.6,2026-02-01 11:47:11
24.4,46.100004,21.6,56.100004,,,19.6,61.3,5.8,79.4,2026-02-01 11:52:11
24.5,45.9,21.6,56.2,,,19.7,61.4,6.9,76.3,2026-02-01 11:57:12
24.5,45.9,21.6,56.2,,,19.7,61.4,7.1,73.0,2026-02-01 12:02:12
24.5,46.0,21.6,56.2,,,19.7,61.4,6.8,74.5,2026-02-01 12:07:12
24.5,46.0,21.6,56.2,,,19.7,61.5,7.4,71.4,2026-02-01 12:12:13
24.5,46.0,21.6,56.3,,,19.7,61.5,8.900001,67.4,2026-02-01 12:17:13
24.5,46.100004,21.6,56.4,,,19.7,61.600004,8.400001,66.6,2026-02-01 12:22:14
24.5,46.100004,21.6,56.4,,,19.7,61.600004,8.8,63.9,2026-02-01 12:27:14
24.5,46.100004,21.6,56.5,,,19.7,61.600004,9.400001,62.7,2026-02-01 12:32:15
24.5,46.2,21.6,56.5,,,19.7,61.8,9.2,62.9,2026-02-01 12:37:15
24.5,46.2,21.6,56.5,,,19.7,61.7,8.8,64.6,2026-02-01 12:42:15
24.5,46.3,21.6,56.600004,,,19.7,62.0,8.7,63.7,2026-02-01 12:47:16
24.5,46.4,21.7,56.600004,,,19.7,62.0,9.3,63.5,2026-02-01 12:52:16
24.5,46.4,21.7,56.600004,,,19.7,61.7,9.6,60.2,2026-02-01 12:57:17
24.5,46.4,21.7,56.7,,,19.7,61.7,9.6,60.3,2026-02-01 13:02:17
24.5,46.4,21.7,56.7,,,19.7,61.9,9.1,62.4,2026-02-01 13:07:18
24.5,46.600004,21.7,56.7,,,19.7,62.100004,9.7,61.1,2026-02-01 13:12:18
24.5,46.5,21.7,56.7,,,19.7,62.100004,9.7,60.1,2026-02-01 13:17:18
24.5,46.600004,21.7,56.8,,,19.800002,62.100004,9.6,61.3,2026-02-01 13:22:19
24.5,46.600004,21.7,56.8,,,19.7,62.2,8.900001,63.5,2026-02-01 13:27:19
24.5,46.600004,21.7,56.8,,,19.800002,62.100004,9.8,60.7,2026-02-01 13:32:20
24.5,46.600004,21.7,56.8,,,19.7,62.2,10.1,59.6,2026-02-01 13:37:20
24.5,46.600004,21.7,56.9,,,19.7,62.100004,9.1,61.9,2026-02-01 13:42:20
24.5,46.7,21.7,56.9,,,19.7,62.3,9.6,60.4,2026-02-01 13:47:21
24.5,46.7,21.7,56.9,,,19.7,62.3,9.5,62.7,2026-02-01 13:52:21
24.5,46.600004,21.7,56.9,,,19.7,62.4,8.900001,62.9,2026-02-01 13:57:22
24.5,46.7,21.7,57.0,,,19.7,62.4,8.400001,64.4,2026-02-01 14:02:22
24.5,46.8,21.7,57.0,,,19.7,62.4,8.8,66.0,2026-02-01 14:07:23
24.5,46.7,21.7,57.0,,,19.7,62.3,8.7,66.6,2026-02-01 14:12:23
24.5,46.7,21.7,57.0,,,19.7,62.4,8.400001,65.5,2026-02-01 14:17:23
24.5,46.8,21.7,57.0,,,19.800002,62.2,8.2,66.8,2026-02-01 14:22:24
24.5,46.8,21.7,57.0,,,19.7,62.3,8.400001,67.2,2026-02-01 14:27:24
24.4,46.8,21.7,57.0,,,19.7,62.2,8.3,64.8,2026-02-01 14:32:25
24.4,46.8,21.7,56.9,,,19.800002,62.100004,7.8,66.3,2026-02-01 14:37:25
24.4,46.8,21.7,56.9,,,19.7,62.2,8.1,66.8,2026-02-01 14:42:26
24.4,46.9,21.7,56.9,,,19.7,62.2,8.0,66.3,2026-02-01 14:47:26
24.4,46.9,21.7,56.9,,,19.7,62.3,8.1,70.0,2026-02-01 14:52:26
24.4,46.9,21.7,56.9,,,19.7,62.2,7.8,71.0,2026-02-01 14:57:27
24.4,46.9,21.7,56.9,,,19.7,62.2,7.7,69.4,2026-02-01 15:02:27
24.4,47.0,21.7,56.9,,,19.800002,62.2,7.9,70.3,2026-02-01 15:07:28
24.4,46.9,21.6,56.9,,,19.7,62.2,7.7,70.0,2026-02-01 15:12:28
24.4,46.9,21.7,56.9,,,19.7,62.3,7.5,70.4,2026-02-01 15:17:28
24.4,46.9,21.7,56.9,,,19.7,62.3,7.5,69.4,2026-02-01 15:22:29
24.4,46.9,21.6,56.9,,,19.7,62.3,7.5,68.8,2026-02-01 15:27:29
24.4,46.9,21.6,56.9,,,19.7,62.2,7.7,70.8,2026-02-01 15:32:30
24.4,46.9,21.7,56.9,,,19.7,62.2,7.8,70.6,2026-02-01 15:37:30
24.4,46.9,21.6,56.9,,,19.7,62.3,7.8,69.3,2026-02-01 15:42:31
24.4,46.9,21.6,56.9,,,19.7,62.2,7.8,70.5,2026-02-01 15:47:31
24.4,47.0,21.6,57.0,,,19.7,62.2,7.9,71.8,2026-02-01 15:52:31
24.4,46.9,21.6,56.9,,,19.7,62.3,7.9,71.1,2026-02-01 15:57:32
24.4,46.9,21.6,56.9,,,19.7,62.2,7.6,73.1,2026-02-01 16:02:32
24.4,47.0,21.6,56.9,,,19.7,62.2,8.0,72.8,2026-02-01 16:07:33
24.300002,47.0,21.6,57.0,,,19.7,62.2,7.4,75.8,2026-02-01 16:12:33
24.300002,46.9,21.6,57.0,,,19.7,62.3,6.8,77.9,2026-02-01 16:17:34
24.300002,47.0,21.6,57.0,,,19.7,62.3,6.8,77.2,2026-02-01 16:22:34
24.300002,47.0,21.6,56.9,,,19.7,62.3,6.8,77.5,2026-02-01 16:27:34
24.300002,47.0,21.6,57.0,,,19.7,62.3,6.5,79.3,2026-02-01 16:32:35
24.300002,47.0,21.6,56.9,,,19.7,62.3,6.3,79.5,2026-02-01 16:37:35
24.300002,47.0,21.6,56.9,,,19.6,62.4,5.9,81.3,2026-02-01 16:42:36
24.300002,47.0,21.6,57.0,,,19.7,62.2,5.6,83.1,2026-02-01 16:47:36
24.300002,46.9,21.6,57.0,,,19.7,62.3,5.6,83.9,2026-02-01 16:52:37
24.300002,47.0,21.6,56.9,,,19.6,62.3,5.8,82.5,2026-02-01 16:57:37
24.300002,47.0,21.6,56.9,,,19.6,62.3,5.8,82.4,2026-02-01 17:02:37
24.300002,47.0,21.6,56.9,,,19.6,62.2,5.6,83.3,2026-02-01 17:07:38
24.300002,47.0,21.6,56.8,,,19.6,62.2,5.5,83.5,2026-02-01 17:12:38
24.300002,47.0,21.6,56.9,,,19.6,62.3,5.4,84.3,2026-02-01 17:17:39
24.300002,47.0,21.6,56.9,,,19.6,62.3,5.1,84.9,2026-02-01 17:22:39
24.300002,47.0,21.6,56.9,,,19.5,62.4,4.6,87.1,2026-02-01 17:27:40
24.2,47.0,21.6,56.8,,,19.5,62.3,4.3,88.3,2026-02-01 17:32:40
24.300002,46.9,21.6,56.8,,,19.6,62.3,4.1,88.6,2026-02-01 17:37:40
24.300002,47.0,21.6,56.8,,,19.5,62.3,4.1,88.4,2026-02-01 17:42:41
24.300002,46.9,21.6,56.8,,,19.5,62.4,4.0,89.3,2026-02-01 17:47:41
24.300002,46.9,21.6,56.8,,,19.5,62.3,3.7,91.1,2026-02-01 17:52:42
24.300002,46.9,21.6,56.8,,,19.5,62.3,3.9,89.5,2026-02-01 17:57:42
24.300002,46.9,21.5,56.8,,,19.5,62.4,3.8,89.9,2026-02-01 18:02:43
24.300002,46.9,21.6,56.8,,,19.5,62.2,3.8,90.3,2026-02-01 18:07:43
24.300002,46.9,21.6,56.8,,,19.5,62.4,3.5,91.2,2026-02-01 18:12:43
24.300002,46.8,21.6,56.8,,,19.5,62.4,3.7,91.1,2026-02-01 18:17:44
24.300002,46.9,21.5,56.8,,,19.5,62.4,3.5,91.3,2026-02-01 18:22:44
24.300002,46.9,21.6,56.8,,,19.5,62.4,3.2,90.9,2026-02-01 18:27:45
24.300002,46.9,21.6,56.7,,,19.4,62.2,2.8,93.0,2026-02-01 18:32:45
24.300002,46.9,21.6,56.7,,,19.4,62.2,2.8,93.5,2026-02-01 18:37:46
24.300002,46.8,21.6,56.600004,,,19.4,62.100004,2.9,93.8,2026-02-01 18:42:46
24.300002,46.8,21.6,56.600004,,,19.4,62.4,2.7,93.6,2026-02-01 18:47:46
24.300002,46.8,21.6,56.600004,,,19.5,62.3,2.8,92.1,2026-02-01 18:52:47
24.300002,46.8,21.6,56.600004,,,19.5,62.2,2.5,92.4,2026-02-01 18:57:47
24.300002,46.8,21.6,56.600004,,,19.4,62.4,2.6,93.9,2026-02-01 19:02:48
24.300002,46.8,21.6,56.600004,,,19.5,62.3,2.4,94.1,2026-02-01 19:07:48
24.300002,46.7,21.6,56.600004,,,19.4,62.4,2.3,93.9,2026-02-01 19:12:49
24.300002,46.8,21.6,56.600004,,,19.5,62.4,2.0,96.3,2026-02-01 19:17:49
24.300002,46.8,21.6,56.600004,,,19.4,62.5,1.8,96.7,2026-02-01 19:22:49
24.300002,46.8,21.6,56.5,,,19.4,62.4,1.9,96.3,2026-02-01 19:27:50
24.300002,46.9,21.6,56.600004,,,19.4,62.5,2.2,95.3,2026-02-01 19:32:50
24.300002,46.8,21.6,56.600004,,,19.4,62.5,2.1,94.0,2026-02-01 19:37:51
24.300002,46.9,21.6,56.600004,,,19.4,62.5,2.0,94.5,2026-02-01 19:42:51
24.300002,46.9,21.6,56.600004,,,19.4,62.4,1.8,95.3,2026-02-01 19:47:52
24.300002,46.8,21.6,56.5,,,19.4,62.4,1.6,96.1,2026-02-01 19:52:52
24.300002,46.9,21.6,56.600004,,,19.4,62.4,1.8,96.3,2026-02-01 19:57:52
24.300002,46.9,21.6,56.600004,,,19.4,62.5,1.9,96.3,2026-02-01 20:02:53
24.4,46.8,21.6,56.600004,,,19.4,62.4,1.6,97.5,2026-02-01 20:07:53
24.4,46.8,21.6,56.5,,,19.4,62.600004,1.7,97.6,2026-02-01 20:12:54
24.4,46.8,21.6,56.5,,,19.4,62.600004,1.7,96.9,2026-02-01 20:17:54
24.4,46.8,21.6,56.600004,,,19.4,62.5,1.6,97.0,2026-02-01 20:22:54
24.4,46.8,21.6,56.5,,,19.4,62.5,1.6,97.0,2026-02-01 20:27:55
24.4,46.8,21.6,56.600004,,,19.4,62.600004,1.5,97.6,2026-02-01 20:32:55
24.4,46.7,21.6,56.600004,,,19.4,62.600004,1.8,97.9,2026-02-01 20:37:56
24.4,46.8,21.6,56.5,,,19.4,62.5,1.6,97.8,2026-02-01 20:42:56
24.4,46.8,21.6,56.5,,,19.4,62.600004,1.5,96.0,2026-02-01 20:47:57
24.4,46.8,21.6,56.5,,,19.4,62.600004,1.5,97.2,2026-02-01 20:52:57
24.4,46.8,21.6,56.5,,,19.4,62.5,1.6,97.7,2026-02-01 20:57:57
24.4,46.8,21.6,56.5,,,19.4,62.600004,1.6,98.0,2026-02-01 21:02:58
24.4,46.8,21.6,56.5,,,19.4,62.5,1.5,97.8,2026-02-01 21:07:58
24.4,46.9,21.6,56.5,,,19.4,62.600004,1.6,96.5,2026-02-01 21:12:59
24.4,46.8,21.6,56.5,,,19.4,62.600004,1.6,96.4,2026-02-01 21:17:59
24.4,46.8,21.6,56.5,,,19.4,62.5,1.7,96.5,2026-02-01 21:22:59
24.4,46.8,21.7,56.5,,,19.4,62.600004,1.7,96.2,2026-02-01 21:28:00
24.4,46.8,21.7,56.5,,,19.4,62.600004,1.4,96.0,2026-02-01 21:33:00
24.4,46.9,21.7,56.5,,,19.4,62.600004,1.1,96.7,2026-02-01 21:38:01
24.4,46.8,21.7,56.5,,,19.4,62.7,1.1,96.6,2026-02-01 21:43:01
24.4,46.8,21.7,56.600004,,,19.4,62.5,1.2,96.3,2026-02-01 21:48:01
24.5,46.8,21.7,56.5,,,19.4,62.600004,1.4,98.2,2026-02-01 21:53:02
24.4,46.7,21.7,56.5,,,19.4,62.5,1.5,97.5,2026-02-01 21:58:02
24.5,46.7,21.7,56.4,,,19.4,62.7,1.2,98.6,2026-02-01 22:03:03
24.5,46.7,21.7,56.5,,,19.4,62.8,1.2,97.8,2026-02-01 22:08:03
24.5,46.7,21.7,56.5,,,19.4,62.8,1.0,98.4,2026-02-01 22:13:04
24.5,46.7,21.7,56.600004,,,19.4,62.8,1.2,97.8,2026-02-01 22:18:04
24.5,46.600004,21.7,56.5,,,19.4,62.7,1.2,98.2,2026-02-01 22:23:04
24.5,46.7,21.7,56.5,,,19.4,62.9,1.1,99.3,2026-02-01 22:28:05
24.5,46.7,21.7,56.5,,,19.5,62.7,1.3,97.7,2026-02-01 22:33:05
24.5,46.8,21.7,56.5,,,19.4,62.8,1.1,97.8,2026-02-01 22:38:06
24.5,46.8,21.7,56.600004,,,19.4,62.7,1.2,97.4,2026-02-01 22:43:06
24.5,46.8,21.7,56.5,,,19.4,62.8,1.2,99.0,2026-02-01 22:48:06
24.5,45.8,21.7,56.4,,,19.300002,62.2,1.4,98.8,2026-02-01 22:53:07
24.300002,45.600004,21.6,56.0,,,19.300002,61.600004,1.4,97.9,2026-02-01 22:58:07
20.1,30.300002,21.5,55.0,,,19.1,61.7,1.2,96.9,2026-02-01 23:03:08
19.6,37.3,21.5,54.7,,,19.1,58.0,1.0,98.1,2026-02-01 23:08:08
22.4,39.4,21.5,52.2,,,19.1,56.7,0.9,97.6,2026-02-01 23:13:09
23.2,41.100004,21.1,47.100004,,,13.5,46.2,1.1,96.2,2026-02-01 23:18:09
19.1,33.5,18.1,42.8,,,10.8,56.9,0.9,97.6,2026-02-01 23:23:09
21.5,35.2,19.1,50.100004,,,15.3,62.9,1.2,96.7,2026-02-01 23:28:10
22.5,38.7,20.4,49.600004,,,17.9,55.0,1.3,98.0,2026-02-01 23:33:10
23.0,39.8,20.7,49.8,,,18.5,55.0,1.4,97.6,2026-02-01 23:38:11
23.2,40.8,20.9,50.2,,,18.6,55.3,1.5,97.3,2026-02-01 23:43:11
23.4,41.2,21.0,50.600004,,,18.800002,55.9,1.4,96.2,2026-02-01 23:48:11
23.300002,41.7,21.1,51.0,,,18.9,56.100004,1.1,97.5,2026-02-01 23:53:12
23.4,42.100004,21.2,51.2,,,19.0,56.100004,1.0,99.9,2026-02-01 23:58:12
23.5,42.4,21.6,50.600004,,,18.800002,57.8,1.3,99.3,2026-02-02 00:03:13
23.5,42.7,21.7,50.8,,,18.7,58.9,1.4,98.5,2026-02-02 00:08:13
23.7,42.7,21.800002,50.9,,,18.6,59.7,1.5,98.4,2026-02-02 00:13:14
23.7,43.0,21.800002,51.100004,,,18.6,60.2,1.5,97.6,2026-02-02 00:18:14
23.7,43.2,21.9,51.3,,,18.6,60.600004,1.1,98.7,2026-02-02 00:23:14
23.800002,43.4,21.9,51.5,,,18.6,61.0,1.3,98.1,2026-02-02 00:28:15
23.800002,43.600004,22.0,51.600004,,,18.6,61.100004,1.4,98.4,2026-02-02 00:33:15
23.800002,43.600004,22.0,51.9,,,18.6,61.5,1.4,99.0,2026-02-02 00:38:16
23.9,43.8,22.0,52.0,,,18.6,61.4,1.6,98.4,2026-02-02 00:43:16
23.9,43.9,22.0,52.100004,,,18.6,61.600004,1.4,98.6,2026-02-02 00:48:17
24.0,43.9,21.800002,53.0,,,18.7,61.9,1.4,98.8,2026-02-02 00:53:17
24.0,44.0,21.7,53.600004,,,19.0,60.2,1.5,98.1,2026-02-02 00:58:17
24.0,44.2,21.7,53.5,,,19.1,60.100004,1.4,97.9,2026-02-02 01:03:18
24.0,44.4,21.7,53.7,,,19.2,59.9,1.2,97.2,2026-02-02 01:08:18
24.0,44.5,21.7,54.0,,,19.300002,60.0,1.4,99.7,2026-02-02 01:13:19
24.0,44.7,21.7,54.0,,,19.300002,60.0,1.5,99.2,2026-02-02 01:18:19
24.0,44.7,21.7,54.0,,,19.2,60.4,1.7,98.6,2026-02-02 01:23:19
24.0,44.8,21.7,54.2,,,19.300002,60.4,1.6,99.0,2026-02-02 01:28:20
24.1,44.8,21.7,54.3,,,19.300002,60.4,1.6,99.7,2026-02-02 01:33:20
24.1,45.0,21.6,54.4,,,19.4,60.5,1.5,99.3,2026-02-02 01:38:21
24.2,45.0,21.7,54.600004,,,19.300002,60.600004,1.5,99.8,2026-02-02 01:43:21
24.2,45.100004,21.7,54.7,,,19.4,60.600004,1.5,99.4,2026-02-02 01:48:22
24.2,45.100004,21.6,55.3,,,19.4,61.2,1.5,99.1,2026-02-02 01:53:22
24.2,45.2,21.6,55.7,,,19.4,61.600004,1.6,98.6,2026-02-02 01:58:22
24.2,45.2,21.6,55.9,,,19.5,61.4,1.7,98.0,2026-02-02 02:03:23
24.300002,45.3,21.7,56.3,,,19.5,61.9,1.6,96.1,2026-02-02 02:08:23
24.300002,45.4,21.6,56.0,,,19.5,61.7,1.5,96.2,2026-02-02 02:13:24
24.300002,45.5,21.6,56.0,,,19.5,61.4,1.6,96.5,2026-02-02 02:18:24
24.300002,45.5,21.7,56.100004,,,19.5,61.600004,1.6,97.0,2026-02-02 02:23:25
24.300002,45.600004,21.7,56.5,,,19.6,61.600004,1.6,97.7,2026-02-02 02:28:25
24.4,45.600004,21.7,56.5,,,19.5,61.7,1.7,98.1,2026-02-02 02:33:25
24.4,45.600004,21.7,56.7,,,19.6,61.600004,1.7,98.4,2026-02-02 02:38:26
24.4,45.600004,21.7,56.600004,,,19.5,61.7,1.7,98.9,2026-02-02 02:43:26
24.4,45.8,21.7,56.9,,,19.6,61.7,1.7,98.2,2026-02-02 02:48:27
24.4,45.8,21.7,57.100004,,,19.6,62.600004,1.6,97.6,2026-02-02 02:53:27
24.5,46.0,21.800002,57.2,,,19.6,62.4,1.5,99.0,2026-02-02 02:58:28
24.4,45.8,21.800002,57.3,,,19.7,62.5,1.7,99.0,2026-02-02 03:03:28
24.4,46.100004,21.7,58.3,,,19.7,62.8,1.7,99.3,2026-02-02 03:08:28
24.4,46.0,21.7,58.9,,,19.7,63.8,1.8,99.0,2026-02-02 03:13:29
24.4,46.100004,21.7,59.2,,,19.800002,62.8,1.5,99.3,2026-02-02 03:18:29
24.5,46.100004,21.7,58.9,,,19.7,63.0,1.7,100.0,2026-02-02 03:23:30
24.5,46.2,21.7,58.8,,,19.800002,63.2,1.8,99.9,2026-02-02 03:28:30
24.4,46.2,21.7,59.0,,,19.800002,62.8,1.7,100.0,2026-02-02 03:33:30
24.5,46.3,21.800002,58.100004,,,19.7,63.0,1.7,100.0,2026-02-02 03:38:31
24.4,46.4,21.800002,58.2,,,19.800002,63.600004,1.7,100.0,2026-02-02 03:43:31
24.4,46.5,21.800002,58.9,,,19.800002,63.7,1.6,100.0,2026-02-02 03:48:32
24.4,46.5,21.800002,58.7,,,19.9,62.600004,1.7,100.0,2026-02-02 03:53:32
24.4,46.600004,21.800002,58.3,,,19.9,62.8,1.7,100.0,2026-02-02 03:58:33
24.5,46.5,21.800002,58.2,,,19.9,63.100004,1.7,100.0,2026-02-02 04:03:33
24.5,46.600004,21.800002,58.4,,,19.9,63.4,1.6,100.0,2026-02-02 04:08:33
24.4,46.7,21.800002,58.9,,,19.800002,63.4,1.5,100.0,2026-02-02 04:13:34
24.5,46.7,21.800002,59.100004,,,19.800002,62.9,1.5,100.0,2026-02-02 04:18:34
24.5,46.8,21.800002,58.9,,,19.800002,62.8,1.5,100.0,2026-02-02 04:23:35
24.5,46.7,21.800002,58.8,,,19.9,62.9,1.5,100.0,2026-02-02 04:28:35
24.5,46.8,21.800002,58.8,,,19.9,62.8,1.6,100.0,2026-02-02 04:33:36
24.5,46.8,21.7,58.8,,,19.9,63.2,1.6,100.0,2026-02-02 04:38:36
24.5,46.9,21.800002,59.0,,,19.9,63.4,1.7,100.0,2026-02-02 04:43:36
24.5,46.8,21.800002,59.100004,,,19.9,63.4,1.8,100.0,2026-02-02 04:48:37
24.5,46.9,21.800002,59.2,,,19.9,63.5,1.7,100.0,2026-02-02 04:53:37
24.5,46.8,21.800002,59.5,,,19.9,63.2,1.8,100.0,2026-02-02 04:58:38
24.5,46.9,21.7,59.4,,,20.0,63.3,1.7,100.0,2026-02-02 05:03:38
24.5,47.0,21.800002,59.4,,,20.0,63.100004,1.6,100.0,2026-02-02 05:08:39
24.5,47.0,21.7,59.3,,,20.0,63.4,1.6,100.0,2026-02-02 05:13:39
24.5,47.100004,21.7,59.4,,,20.0,63.2,1.8,100.0,2026-02-02 05:18:39
24.5,47.100004,21.7,59.2,,,20.0,63.600004,1.7,100.0,2026-02-02 05:23:40
24.6,47.0,21.800002,59.100004,,,20.0,63.5,1.7,100.0,2026-02-02 05:28:40
24.6,47.0,21.800002,59.4,,,20.0,63.9,1.5,100.0,2026-02-02 05:33:41
24.5,47.100004,21.800002,59.4,,,19.9,64.1,1.6,100.0,2026-02-02 05:38:41
24.5,47.100004,21.800002,59.100004,,,20.0,63.8,1.7,100.0,2026-02-02 05:43:42
24.5,47.2,21.800002,59.9,,,20.0,64.200008,1.6,100.0,2026-02-02 05:48:42
24.6,47.2,21.800002,59.7,,,20.0,64.0,1.7,100.0,2026-02-02 05:53:42
24.6,47.2,21.800002,59.4,,,20.1,63.0,1.6,100.0,2026-02-02 05:58:43
24.6,47.2,21.800002,59.3,,,20.0,63.2,1.7,100.0,2026-02-02 06:03:43
24.5,47.2,21.800002,59.0,,,20.1,63.2,1.7,100.0,2026-02-02 06:08:44
24.6,47.2,21.800002,58.9,,,20.1,62.9,1.6,100.0,2026-02-02 06:13:44
24.5,47.3,21.9,58.8,,,20.1,62.8,1.5,100.0,2026-02-02 06:18:45
24.5,47.4,21.9,58.9,,,20.1,63.2,1.6,100.0,2026-02-02 06:23:45
24.6,47.3,21.9,59.2,,,20.1,63.600004,1.5,100.0,2026-02-02 06:28:45
24.5,47.4,21.800002,59.100004,,,20.0,63.600004,1.6,99.9,2026-02-02 06:33:46
24.5,47.5,21.6,59.600004,,,19.9,64.1,1.5,100.0,2026-02-02 06:38:46
24.5,47.600004,21.6,59.8,,,19.800002,64.6,1.5,100.0,2026-02-02 06:43:47
24.6,47.5,21.5,59.8,,,19.7,64.6,1.5,100.0,2026-02-02 06:48:47
24.5,47.5,21.5,59.8,,,19.7,64.4,1.5,100.0,2026-02-02 06:53:48
24.6,47.5,21.5,59.8,,,19.7,64.6,1.3,100.0,2026-02-02 06:58:48
24.5,47.600004,21.4,60.0,,,19.7,64.700008,1.1,100.0,2026-02-02 07:03:48
24.6,47.3,21.4,59.9,,,19.7,64.9,1.0,100.0,2026-02-02 07:08:49
24.6,47.3,21.4,59.8,,,19.7,64.700008,1.1,100.0,2026-02-02 07:13:49
24.6,47.2,21.4,59.8,,,19.7,64.5,1.1,100.0,2026-02-02 07:18:50
24.6,47.0,21.4,59.600004,,,19.6,65.200008,0.9,100.0,2026-02-02 07:23:50
24.2,40.600004,21.300002,57.3,,,19.6,63.7,1.0,100.0,2026-02-02 07:28:51
24.1,39.9,21.1,54.3,,,19.5,61.7,0.9,100.0,2026-02-02 07:33:51
24.0,39.9,21.300002,57.4,,,19.6,59.100004,0.9,100.0,2026-02-02 07:38:51
24.2,42.9,21.4,56.8,,,19.7,58.5,0.8,100.0,2026-02-02 07:43:52
24.4,43.8,21.5,56.2,,,19.7,59.100004,0.9,100.0,2026-02-02 07:48:52
24.4,44.2,21.5,56.100004,,,19.6,59.600004,1.0,100.0,2026-02-02 07:53:53
24.5,44.5,21.5,56.3,,,19.7,59.600004,1.0,100.0,2026-02-02 07:58:53
24.5,44.8,21.5,56.3,,,19.7,59.8,1.1,100.0,2026-02-02 08:03:54
24.5,45.0,21.5,56.3,,,19.6,60.100004,1.1,99.9,2026-02-02 08:08:54
24.5,45.100004,21.5,56.2,,,19.6,60.3,1.1,98.6,2026-02-02 08:13:54
24.5,45.3,21.6,56.100004,,,19.6,60.600004,0.7,97.4,2026-02-02 08:18:55
24.5,45.4,21.6,56.3,,,19.6,60.7,0.5,98.9,2026-02-02 08:23:55
24.5,45.5,21.6,56.3,,,19.6,60.7,0.7,99.3,2026-02-02 08:28:56
24.5,45.600004,21.6,56.5,,,19.6,61.0,0.9,99.3,2026-02-02 08:33:56
24.5,45.600004,21.6,56.5,,,19.6,61.0,5.8,77.6,2026-02-02 08:38:56
24.5,45.600004,21.6,56.600004,,,19.7,61.100004,7.6,68.0,2026-02-02 08:43:57
24.6,45.600004,21.6,56.7,,,19.7,61.2,5.8,73.0,2026-02-02 08:48:57
24.6,45.600004,21.6,56.8,,,19.6,61.5,4.4,81.0,2026-02-02 08:53:58
24.7,45.600004,21.6,57.2,,,19.800002,61.600004,6.2,73.2,2026-02-02 08:58:58
24.6,45.7,21.6,57.2,,,19.7,62.0,6.6,71.7,2026-02-02 09:03:58
24.6,45.8,21.6,57.3,,,19.800002,61.8,4.9,77.5,2026-02-02 09:08:59
24.6,45.9,21.6,57.5,,,19.800002,62.0,3.5,84.6,2026-02-02 09:13:59
24.6,45.9,21.6,57.7,,,19.800002,62.2,3.5,84.4,2026-02-02 09:19:00
24.6,46.100004,21.6,57.7,,,19.800002,62.2,2.5,89.7,2026-02-02 09:24:00
24.7,46.2,21.6,57.8,,,19.800002,62.3,2.6,89.6,2026-02-02 09:29:01
24.6,46.2,21.7,57.8,,,19.800002,62.5,2.7,90.5,2026-02-02 09:34:01
24.6,46.3,21.6,58.0,,,19.800002,62.4,2.7,90.7,2026-02-02 09:39:01
24.6,46.4,21.7,58.100004,,,19.800002,62.5,2.7,91.5,2026-02-02 09:44:02
24.6,46.5,21.7,58.100004,,,19.9,62.4,2.7,91.3,2026-02-02 09:49:02
24.6,46.600004,21.6,58.2,,,19.9,62.9,2.7,90.4,2026-02-02 09:54:03
24.6,46.7,21.7,58.4,,,19.800002,63.2,2.7,90.7,2026-02-02 09:59:03
24.6,46.8,21.7,58.5,,,19.9,62.9,2.7,90.0,2026-02-02 10:04:03
24.6,46.8,21.7,58.4,,,19.9,62.8,2.6,91.3,2026-02-02 10:09:04
24.6,46.8,21.7,58.5,,,19.9,63.2,3.5,88.1,2026-02-02 10:14:04
24.6,46.9,21.7,58.7,,,19.9,63.2,3.6,86.7,2026-02-02 10:19:05
24.6,46.8,21.7,58.8,,,19.9,63.4,5.9,77.9,2026-02-02 10:24:05
24.7,46.8,21.7,58.8,,,19.9,63.600004,10.5,62.1,2026-02-02 10:29:06
24.7,46.7,21.7,58.9,,,19.9,63.9,12.0,56.5,2026-02-02 10:34:06
24.7,46.8,21.7,59.100004,,,20.0,64.1,12.4,52.8,2026-02-02 10:39:06
24.7,46.9,21.7,59.4,,,20.0,64.3,8.2,64.4,2026-02-02 10:44:07
24.7,47.0,21.7,59.5,,,20.0,64.200008,7.5,67.1,2026-02-02 10:49:07
24.7,47.2,21.7,59.5,,,20.1,63.9,8.6,64.3,2026-02-02 10:54:08
24.800002,47.2,21.7,59.600004,,,20.1,64.1,8.8,63.8,2026-02-02 10:59:08
24.800002,47.4,21.800002,59.100004,,,20.0,63.5,8.900001,63.2,2026-02-02 11:04:08
24.9,47.4,21.7,59.3,,,19.9,65.200008,9.400001,60.3,2026-02-02 11:09:09
24.9,47.600004,20.6,48.8,,,15.6,50.600004,8.2,63.9,2026-02-02 11:14:09
24.6,41.7,20.2,55.600004,,,15.900001,75.9,9.8,61.8,2026-02-02 11:19:10
24.5,43.600004,21.1,57.600004,,,19.0,64.1,9.5,61.5,2026-02-02 11:24:10
24.7,45.4,21.300002,57.3,,,19.5,62.3,10.5,60.6,2026-02-02 11:29:11
24.7,45.7,21.5,57.2,,,19.7,62.2,11.1,59.0,2026-02-02 11:34:11
24.7,45.9,21.5,57.3,,,19.800002,62.2,10.0,61.5,2026-02-02 11:39:11
24.800002,46.0,21.5,57.5,,,19.800002,62.3,9.6,61.6,2026-02-02 11:44:12
24.800002,46.100004,21.6,57.5,,,19.800002,62.5,10.7,59.3,2026-02-02 11:49:12
24.800002,46.2,21.6,57.600004,,,19.800002,62.600004,11.9,56.5,2026-02-02 11:54:13
24.800002,46.3,21.6,57.600004,,,19.800002,62.5,11.2,55.9,2026-02-02 11:59:13
24.800002,46.4,21.7,57.7,,,19.800002,62.8,11.5,56.8,2026-02-02 12:04:13
24.800002,46.4,21.7,57.7,,,19.9,62.7,11.1,54.7,2026-02-02 12:09:14
24.800002,46.5,21.7,57.7,,,19.800002,62.8,11.1,58.3,2026-02-02 12:14:14
24.800002,46.5,21.7,57.7,,,19.9,62.7,10.1,58.1,2026-02-02 12:19:15
24.800002,46.600004,21.7,57.8,,,19.9,62.7,11.0,57.6,2026-02-02 12:24:15
24.800002,46.600004,21.7,57.8,,,19.9,62.7,11.1,55.8,2026-02-02 12:29:16
24.800002,46.7,21.7,57.8,,,19.9,62.9,11.0,55.7,2026-02-02 12:34:16
24.800002,46.600004,21.7,57.9,,,19.9,62.8,12.1,54.2,2026-02-02 12:39:16
24.800002,46.600004,21.7,57.9,,,19.9,62.9,12.1,54.0,2026-02-02 12:44:17
24.800002,46.7,21.7,57.8,,,19.9,62.9,12.5,50.8,2026-02-02 12:49:17
24.800002,46.7,21.800002,57.8,,,19.9,62.9,12.0,49.0,2026-02-02 12:54:18
24.9,46.600004,21.800002,57.9,,,19.9,63.0,12.6,49.7,2026-02-02 12:59:18
24.9,46.7,21.800002,58.100004,,,19.9,63.2,12.5,49.5,2026-02-02 13:04:19
24.9,46.7,21.800002,58.100004,,,19.9,63.4,12.0,50.0,2026-02-02 13:09:19
24.9,46.8,21.800002,58.2,,,20.0,63.4,13.0,47.6,2026-02-02 13:14:19
24.9,47.0,21.800002,58.2,,,20.0,63.2,11.4,51.0,2026-02-02 13:19:20
24.9,46.9,21.800002,58.2,,,20.0,63.4,12.6,50.3,2026-02-02 13:24:20
24.800002,47.100004,21.800002,58.3,,,20.0,63.4,12.5,51.5,2026-02-02 13:29:21
24.9,47.100004,21.800002,58.3,,,20.0,63.5,12.8,49.1,2026-02-02 13:34:21
24.800002,47.100004,21.800002,58.4,,,20.0,63.5,12.8,50.2,2026-02-02 13:39:21
24.9,47.2,21.800002,58.4,,,20.0,63.600004,12.6,50.2,2026-02-02 13:44:22
24.9,47.100004,21.800002,58.4,,,20.0,63.5,12.7,47.5,2026-02-02 13:49:22
24.800002,47.3,21.800002,58.5,,,20.0,63.4,13.2,48.4,2026-02-02 13:54:23
24.9,47.3,21.800002,58.4,,,20.0,63.5,12.6,48.4,2026-02-02 13:59:23
24.800002,47.3,21.800002,58.5,,,20.0,63.600004,12.0,50.0,2026-02-02 14:04:24
24.800002,47.4,21.800002,58.5,,,20.0,63.7,11.2,45.9,2026-02-02 14:09:24
24.800002,47.4,21.800002,58.5,,,20.0,63.5,10.6,48.5,2026-02-02 14:14:24
24.800002,47.4,21.9,58.5,,,20.1,63.600004,10.6,47.8,2026-02-02 14:19:25
24.800002,47.5,21.800002,58.5,,,20.0,63.4,9.900001,49.7,2026-02-02 14:24:25
24.800002,47.5,21.800002,58.600004,,,20.0,63.600004,10.0,49.0,2026-02-02 14:29:26
24.800002,47.600004,21.9,58.5,,,20.0,63.600004,9.400001,50.4,2026-02-02 14:34:26
24.800002,47.5,21.9,58.5,,,20.0,63.7,9.0,52.5,2026-02-02 14:39:27
24.800002,47.600004,21.9,58.5,,,20.0,63.7,9.2,54.6,2026-02-02 14:44:27
24.800002,47.600004,21.9,58.4,,,20.0,63.4,9.5,54.2,2026-02-02 14:49:27
24.800002,47.7,21.9,58.5,,,20.0,63.7,9.6,54.4,2026-02-02 14:54:28
24.800002,47.7,21.9,58.5,,,20.0,63.7,9.6,55.9,2026-02-02 14:59:28
24.800002,47.7,21.9,58.5,,,20.0,63.7,10.0,56.4,2026-02-02 15:04:29
24.800002,47.8,21.9,58.600004,,,20.0,63.8,10.0,56.9,2026-02-02 15:09:29
24.7,47.8,21.9,58.600004,,,20.0,63.8,10.2,57.9,2026-02-02 15:14:30
24.800002,47.8,21.9,58.8,,,20.1,63.600004,10.2,56.3,2026-02-02 15:19:30
24.800002,48.0,21.9,58.5,,,20.0,63.8,10.3,57.6,2026-02-02 15:24:30
24.800002,47.7,21.9,58.7,,,20.0,64.0,10.1,58.2,2026-02-02 15:29:31
24.7,47.8,21.9,58.7,,,20.0,63.9,10.0,58.6,2026-02-02 15:34:31
24.800002,48.100004,21.800002,58.8,,,20.0,64.0,9.8,60.5,2026-02-02 15:39:32
24.7,47.9,21.800002,58.9,,,20.0,64.200008,9.8,61.3,2026-02-02 15:44:32
24.7,48.0,21.9,58.9,,,20.0,64.200008,9.8,63.0,2026-02-02 15:49:33
24.7,48.0,21.800002,58.9,,,20.0,64.3,9.7,65.3,2026-02-02 15:54:33
24.7,48.2,21.800002,58.9,,,20.0,64.1,9.5,66.0,2026-02-02 15:59:33
24.7,48.100004,21.800002,58.9,,,20.0,64.0,9.2,67.9,2026-02-02 16:04:34
24.7,48.100004,21.800002,58.9,,,20.0,64.0,9.0,69.0,2026-02-02 16:09:34
24.7,48.100004,21.800002,58.9,,,20.0,64.0,8.900001,69.3,2026-02-02 16:14:35
24.7,48.0,21.800002,58.9,,,20.0,63.9,8.6,70.4,2026-02-02 16:19:35
24.7,48.2,21.800002,58.9,,,20.0,63.9,8.5,70.7,2026-02-02 16:24:36
24.7,48.100004,21.800002,58.9,,,20.0,63.9,8.3,71.4,2026-02-02 16:29:36
24.7,48.100004,21.800002,58.9,,,20.0,63.9,8.3,71.5,2026-02-02 16:34:36
24.7,48.2,21.800002,58.9,,,20.0,64.0,8.2,72.0,2026-02-02 16:39:37
24.7,48.100004,21.800002,58.9,,,20.0,63.9,8.0,72.5,2026-02-02 16:44:37
24.7,48.2,21.800002,58.9,,,20.0,63.9,7.8,73.1,2026-02-02 16:49:38
24.6,48.2,21.800002,58.8,,,20.0,63.9,7.7,73.9,2026-02-02 16:54:38
24.6,48.2,21.800002,58.8,,,20.0,63.8,7.3,75.5,2026-02-02 16:59:39
24.6,48.100004,21.800002,58.8,,,20.0,63.8,7.3,75.8,2026-02-02 17:04:39
24.6,48.2,21.800002,58.9,,,20.0,64.0,7.2,76.1,2026-02-02 17:09:39
24.6,48.2,21.800002,58.9,,,19.9,64.1,7.1,76.4,2026-02-02 17:14:40
24.6,48.2,21.800002,58.8,,,20.0,64.0,7.0,76.9,2026-02-02 17:19:40
24.6,48.3,21.800002,58.8,,,19.9,64.0,6.8,77.4,2026-02-02 17:24:41
24.6,48.2,21.800002,58.8,,,19.9,64.0,6.6,78.2,2026-02-02 17:29:41
24.6,48.3,21.800002,58.8,,,19.9,64.1,6.3,79.9,2026-02-02 17:34:42
24.6,48.2,21.800002,58.8,,,19.9,64.1,5.5,82.4,2026-02-02 17:39:42
24.6,48.2,21.800002,58.8,,,19.9,64.1,5.7,82.3,2026-02-02 17:44:42
24.6,48.3,21.800002,58.8,,,19.9,64.1,5.8,81.5,2026-02-02 17:49:43
24.6,48.3,21.800002,58.8,,,19.9,64.200008,5.7,82.6,2026-02-02 17:54:43
24.6,48.2,21.800002,58.8,,,19.9,63.8,5.8,82.6,2026-02-02 17:59:44
24.6,48.3,21.800002,58.7,,,19.9,63.600004,5.8,81.9,2026-02-02 18:04:44
24.5,48.2,21.800002,58.8,,,19.800002,64.3,5.1,84.1,2026-02-02 18:09:45
24.6,48.2,21.800002,58.8,,,19.800002,64.200008,5.3,83.5,2026-02-02 18:14:45
24.5,48.3,21.800002,58.8,,,19.9,64.200008,5.6,82.7,2026-02-02 18:19:45
24.5,48.3,21.800002,58.8,,,19.800002,64.3,5.7,81.4,2026-02-02 18:24:46
24.6,48.3,21.800002,58.8,,,19.800002,64.4,5.0,84.6,2026-02-02 18:29:46
24.5,48.3,21.800002,58.8,,,19.800002,64.4,5.2,83.7,2026-02-02 18:34:47
24.5,48.4,21.300002,50.4,,,18.1,60.7,5.1,84.0,2026-02-02 18:39:47
20.7,32.5,19.9,45.100004,,,15.1,58.2,5.3,82.9,2026-02-02 18:44:48
16.9,36.5,20.0,41.9,,,13.8,55.0,5.1,83.6,2026-02-02 18:49:48
16.2,39.600004,20.5,48.0,,,17.4,53.3,4.9,84.4,2026-02-02 18:54:48
20.300002,37.4,20.800002,47.9,,,18.6,50.5,5.0,83.4,2026-02-02 18:59:49
21.800002,37.7,21.0,48.0,,,18.9,50.7,4.8,83.9,2026-02-02 19:04:49
22.300002,39.600004,21.1,48.3,,,19.0,51.4,4.4,85.1,2026-02-02 19:09:50
22.6,40.4,21.1,48.8,,,19.1,52.2,4.5,85.5,2026-02-02 19:14:50
22.7,41.3,21.2,49.2,,,19.1,52.9,4.5,85.0,2026-02-02 19:19:51
22.9,41.600004,21.2,49.7,,,19.2,53.600004,4.4,84.7,2026-02-02 19:24:51
23.0,42.100004,21.300002,50.100004,,,19.2,54.100004,4.7,83.8,2026-02-02 19:29:51
23.1,42.4,21.4,50.4,,,19.300002,54.5,4.9,82.7,2026-02-02 19:34:52
23.1,42.7,21.4,50.7,,,19.300002,54.8,5.1,82.4,2026-02-02 19:39:52
23.2,43.0,21.4,51.0,,,19.300002,55.4,4.9,83.1,2026-02-02 19:44:53
23.300002,43.2,21.4,51.2,,,19.4,55.600004,4.6,85.0,2026-02-02 19:49:53
23.300002,43.4,21.4,51.4,,,19.4,55.9,4.8,83.8,2026-02-02 19:54:53
23.300002,43.7,21.5,51.600004,,,19.4,56.3,4.9,83.0,2026-02-02 19:59:54
23.4,43.8,21.5,51.8,,,19.4,56.4,4.8,84.1,2026-02-02 20:04:54
23.5,43.8,21.5,52.100004,,,19.5,56.600004,5.0,82.9,2026-02-02 20:09:55
23.5,44.0,21.5,52.2,,,19.4,56.9,5.1,82.7,2026-02-02 20:14:55
23.5,44.100004,21.6,52.3,,,19.5,57.0,5.1,82.1,2026-02-02 20:19:56
23.6,44.100004,21.6,52.4,,,19.5,57.2,5.3,80.8,2026-02-02 20:24:56
23.6,44.3,21.6,52.600004,,,19.5,57.2,5.3,80.4,2026-02-02 20:29:56
23.7,44.4,21.6,52.7,,,19.5,57.4,5.2,82.5,2026-02-02 20:34:57
23.7,44.4,21.6,52.8,,,19.5,57.600004,5.3,80.7,2026-02-02 20:39:57
23.800002,44.5,21.6,52.9,,,19.5,57.8,5.4,80.5,2026-02-02 20:44:58
23.800002,44.5,21.6,53.0,,,19.5,58.0,5.5,79.9,2026-02-02 20:49:58
23.9,44.5,21.6,53.100004,,,19.5,58.0,5.4,79.9,2026-02-02 20:54:58
23.9,44.600004,21.6,53.2,,,19.5,58.2,5.5,79.2,2026-02-02 20:59:59
23.9,44.600004,21.6,53.3,,,19.5,58.4,5.5,79.0,2026-02-02 21:04:59
23.9,44.7,21.7,53.4,,,19.5,58.4,5.4,79.5,2026-02-02 21:10:00
23.9,44.8,21.6,53.5,,,19.5,58.5,5.3,79.9,2026-02-02 21:15:00
24.0,44.8,21.7,53.5,,,19.6,58.600004,5.4,79.7,2026-02-02 21:20:00
24.0,44.8,21.7,53.600004,,,19.5,58.9,5.5,79.5,2026-02-02 21:25:01
24.0,45.100004,21.7,54.0,,,19.6,59.2,5.6,79.3,2026-02-02 21:30:01
24.0,45.4,21.7,54.100004,,,19.6,59.5,5.7,79.0,2026-02-02 21:35:02
24.0,45.600004,21.7,54.3,,,19.6,59.8,5.8,78.4,2026-02-02 21:40:02
24.1,45.7,21.7,54.4,,,19.6,59.9,5.9,78.2,2026-02-02 21:45:03
24.1,45.5,21.7,54.5,,,19.7,59.9,5.8,78.4,2026-02-02 21:50:03
24.1,45.5,21.7,54.600004,,,19.6,60.100004,5.8,79.1,2026-02-02 21:55:03
24.1,45.600004,21.800002,54.7,,,19.6,60.2,5.8,78.9,2026-02-02 22:00:04
24.1,45.8,21.800002,54.7,,,19.7,60.4,5.6,80.2,2026-02-02 22:05:04
24.1,45.8,21.800002,54.9,,,19.7,60.7,5.7,80.1,2026-02-02 22:10:05
24.2,45.8,21.7,55.2,,,19.7,60.9,5.7,79.9,2026-02-02 22:15:05
24.2,45.8,21.800002,55.3,,,19.7,60.7,5.7,79.6,2026-02-02 22:20:05
24.2,45.9,21.800002,55.3,,,19.7,60.600004,5.8,79.7,2026-02-02 22:25:06
24.0,46.100004,21.800002,55.2,,,19.7,60.600004,5.8,79.6,2026-02-02 22:30:06
24.1,46.2,21.800002,55.100004,,,19.7,60.7,5.9,79.5,2026-02-02 22:35:07
24.2,46.3,21.800002,55.2,,,19.7,60.8,5.7,81.6,2026-02-02 22:40:07
24.2,46.0,21.800002,55.2,,,19.7,60.9,5.5,81.7,2026-02-02 22:45:08
24.2,46.0,21.800002,55.3,,,19.800002,60.8,5.5,82.3,2026-02-02 22:50:08
24.2,46.0,21.800002,55.2,,,19.7,60.8,5.5,82.6,2026-02-02 22:55:08
24.2,46.0,21.800002,55.3,,,19.800002,60.7,5.5,82.8,2026-02-02 23:00:09
24.2,46.2,21.800002,55.3,,,19.800002,60.8,5.6,82.0,2026-02-02 23:05:09
24.2,46.0,21.800002,55.4,,,19.7,60.9,5.7,81.3,2026-02-02 23:10:10
24.2,46.100004,21.800002,55.3,,,19.7,60.9,5.8,80.9,2026-02-02 23:15:10
24.2,46.2,21.800002,55.4,,,19.800002,60.8,5.8,81.5,2026-02-02 23:20:11
24.2,46.2,21.800002,55.4,,,19.7,61.0,5.7,82.0,2026-02-02 23:25:11
24.300002,46.100004,21.800002,55.4,,,19.7,61.100004,5.7,82.8,2026-02-02 23:30:11
24.2,46.2,21.800002,55.5,,,19.7,61.100004,5.6,83.9,2026-02-02 23:35:12
